-4.540798570911896,6.051061062888746
-6.78807147610877,-2.319681934952323
3.1077787345895764,3.2960717260128867
0.6985267126516665,3.5909592128806582
8.55124919589615,-6.343642811275653
12.165760010391649,-3.290415771934657
9.548481477448451,-5.323530108515064
-12.24036816414806,-5.965504827624525
-1.3142214109592947,-3.01908426172124
-2.4950079324088157,0.3718207297153625
5.5138032072533445,-1.889981934969664
5.220275814325927,-2.8464146943544315
0.10144385970561,6.336020438128678
0.8513837843724944,-5.758984407760967
-5.700341174440087,4.0100935839174525
4.904602972664605,6.8974854181400955
-8.170249887674514,-3.3569073171235058
3.0402126675039227,8.802349873766474
-1.9115040984288452,-11.183617294117647
-7.438370187692966,7.421953936471561
8.557819536954073,-4.342668508883432
3.776869708428117,5.929501545972489
-2.9864400106579287,-9.588132377330416
4.775323450996081,5.753249433862897
-0.021746522114893235,-0.09569101869060387
-1.4670115145530351,2.727158786146023
-1.5162560843809376,5.3251678572537955
-3.4921560070873334,-2.2879374272377624
1.7947559181985318,-7.0352362207939505
2.344966741384265,-1.1178382896964065
3.1875485652592404,-2.97449011098088
2.60670460132551,0.06051621793510992
0.6731689611145654,2.600453756221536
-3.0268502129427564,-4.364541886344785
3.4438907996878174,-6.788770153291919
-3.7649966182846755,-0.1358279487592883
7.729631527067508,4.43360559125187
0.2137307522928811,-4.2363134352367044
6.3938087262548775,-5.897586162199802
-1.0982270815857544,0.30967597097939714
1.34290978567877,-2.8176302108752527
-1.120832631784881,-12.424149534481991
-4.085060166401182,-1.6326065549401245
5.0273643908153245,-6.07030674287382
-6.4497732145892135,-4.706066536872315
-0.6974560009780969,5.529096027695569
-2.3280979351152764,-1.3795234903401363
9.591630145006702,3.163432723784581
-4.183576583201251,6.619433984462689
0.7497383709039946,7.373211382700911
-9.404887068066845,4.210648925751698
-9.931838524038263,-3.799374889846977
5.573558895736809,1.5140064045923995
1.3962940167861977,1.3445986890744352
-5.00586972696869,3.335919219575593
3.413066340479556,3.377250517594072
3.7339193516849294,0.6794198889300402
8.497597692396967,-1.6117365325991304
-0.6279469897120986,8.36539801751993
-4.515794394787939,-9.46765666056731
1.8857326938758265,7.150273951870337
-6.592787459827416,-3.4837777118305064
-2.590266265586333,4.546390970419605
7.7884705164573615,-4.724173003718777
1.7051582543119437,-4.621775323157568
-5.241306287724357,1.7061410600662217
0.41517798614755624,7.192260821780023
-6.3817786378031585,-3.288638254200817
6.543870547866333,-2.410893509453733
-0.022634006885763818,1.1836337400433832
5.021074290864064,6.33357810839161
-0.11829139022481781,-2.1152269123332386
2.0702959295335073,-7.173540228137555
8.671106588230947,0.68931087040648
-2.131537071606525,-6.146207693950563
-8.286154976514242,4.074162545613271
4.505281153358378,1.4900449072352675
1.347996844646321,-10.38616833393897
0.6473669432818694,-2.2870081326775864
-0.36177356783336223,-0.6064764967502897
2.1536659571295473,2.9517325318760834
0.8014240728134673,-3.2581910290608924
2.1564904309525152,9.57474795633713
2.369859713161941,10.660574417419065
-8.489485192513712,-1.2417259824179339
11.04482869507608,2.813545573015984
-10.964933902427067,-0.47463062844014386
-6.7230896356567245,-3.2275765169840462
2.0970408605391,-9.932846267351676
0.6848600676457759,-2.7606127878544062
-5.334968424232846,-3.2538641752430952
1.2887672019867646,-2.039126474952932
0.4505488758073331,-5.421694452743759
-2.4505267919414035,-2.8467187173425907
-1.0717944229177945,-2.0187316049826665
3.3158144972670236,4.474952202304951
5.149141405478789,0.8621369771944615
-4.733497079926612,3.08684904180587
-1.7742440862602227,-6.265840985978213
-2.9948278663419865,-0.31038220564688623
3.8588103225293526,-5.274841340066591
1.2234846553371044,-7.517196414375732
4.670406390122419,7.560287265969636
4.089668122672381,3.2462393466427417
2.2863322322033173,2.4013533081484604
2.187001672695443,-5.454470018888335
-4.527951426557262,3.439860509871335
-6.694800968429766,2.8614749473615952
-1.740053150366831,-0.1159093396935813
1.9286702060781031,4.273064990466102
6.258969843288794,0.4301152125343403
9.287420801590377,-8.781369304175598
6.362845366328974,-4.389804513896609
6.640448115085905,11.342318244000532
-1.3849028517345752,8.854123818307697
-6.570412627856426,2.1188619082591185
1.5408072703673452,0.2946015208675609
-6.797654815108264,1.0204809591371986
2.2865393158346015,-10.543883090661025
6.545907593357743,-8.565942859064444
6.715037303456114,-5.684630500623717
2.621607163874629,-8.541410458532518
0.8212061038984089,-1.595098739066795
-4.02863104903251,-6.646426581806176
0.30160483940417987,-0.09275392280934484
-3.2547842738158326,5.456674475105996
-5.526375652993298,0.42984394813198723
2.5639587026044106,7.8721841677308015
-5.446585319448804,-1.3993259719305617
-11.433472247973999,0.15414573688650168
-3.794658593807229,-6.68759907429483
-11.823827046156998,3.9684526716589485
5.173413238859975,2.6439947595123217
0.9306259430954387,0.3393605263651024
-9.509243988381076,-4.278758183063564
-0.38846229629318696,-0.8078531816654552
7.016149214734098,4.165022878620575
3.8527592272880877,4.040055132987359
5.915347861121489,6.769645206562692
-1.0643136014790915,1.8533738559633988
3.10227155937378,2.8543642937907383
-0.8825309249645892,2.154658178799456
2.186475652062173,3.077709883090913
-3.3214238594377887,-0.5234370241331797
-5.2302350580856665,-2.4433537983029128
-1.87332614997242,-1.8505547189425318
-3.655158370223503,4.831786753230782
-1.5421123055822035,-6.697360649727053
-5.457260566977966,-9.234685824720959
-1.1839417431174217,3.297696036517548
6.49841128488553,-4.383690601119762
0.09941125032028171,-1.4330276429857012
0.5428826926157203,6.753597753689511
-0.14857160960275892,-0.5131649066522118
-2.5673674046943664,-0.7780234779563006
-8.635788554867194,-0.3694492849959338
-1.3183786043767924,1.392776012286117
-1.9455364337963468,8.262378046416766
7.706540446793921,-7.82497886024475
-0.9746539254445387,8.743523831349094
-0.4637313933214439,-0.2638891593846485
-0.8563333249475142,-0.03326138432232445
-0.006191615842115941,0.02466935618873951
0.808219508629431,-1.0639036896851854
0.37182725725002963,-4.578627230079397
5.838182397692337,3.9870873279074743
3.0817381767345786,1.87063361374796
-1.5453923093200588,0.2919832068501056
0.6437318743440802,1.3235449596921784
-6.704543093108147,1.4701523111464754
-2.5102671199629376,-3.0846952533013523
2.1854187266122533,4.963565581464843
3.555762653846515,5.640108308100028
-12.197823663630095,2.2494281597056
3.142243184808136,5.031377874967512
6.775822388778299,-1.5857337718245414
1.840725911767055,-2.591789809591277
-2.1149194771142,1.516643800808906
-3.8693851503785632,-5.51295154851134
0.6843561146261069,0.8603022242271768
0.028325091018516282,-0.06127672687628127
2.5450656349281973,3.500734096592381
-4.693229922077284,-4.861262335669075
0.114299696721225,-0.0019320272815664778
-3.462967249547412,-9.257028471992838
-5.2497811876760405,-0.4303200185887868
2.6854772697877296,-2.458351646669922
2.754704746109462,-4.351200705797653
0.11780627162123289,0.1380326654416333
0.047512845081064646,-5.658639384102332
-2.1632369486556007,4.373181008530898
-3.921893547396522,0.3414856420865003
0.6561688798340297,0.34347462366703396
0.9804215118979873,0.6277764269673494
2.517799516295159,1.4924338924115224
1.8284346915098248,2.552787406450725
-1.1813353334772787,-0.6545350009057448
0.27038017674730763,-6.132350389602939
2.0848294052656042,8.029607018105095
-5.780954705529163,-4.246028988423237
8.084944663958396,2.9007148220425587
-4.789252074646996,6.787229822380356
7.847390003315829,-3.0863300353015357
-4.1002092788297855,-3.3238767762288837
-3.8678057992283694,3.7772020930511037
-3.463533371013776,-6.794299090683032
1.2644574680520884,2.067696700968372
-6.349983078061824,2.380497116269618
5.7754857526028225,4.109368579189938
2.9359596858119663,-3.9075252137767458
7.008203689996314,-7.472832601566444
-5.121608621246198,4.680278937389584
-3.2481652389493303,-5.713614446737683
5.115175196045462,-7.436495237618609
-9.52485699472859,0.1866971579013374
4.731223491323112,-4.2189164066045315
-2.734855847604418,-5.4614534596780215
1.8372691919906614,-1.1466384758776587
1.0702135075720443,8.780494095120607
-3.169936376516807,0.6130435151959345
0.9958862281354961,-0.7829050372956818
8.723080191950125,-0.4512222004120418
5.300497531346313,-0.18074775193234538
-0.7486550085459968,3.052680954524214
-5.397517734335461,2.995406086834529
6.065629255676209,4.947984393237272
-2.4938332102838783,5.987393449691428
-0.34707868222338206,-3.280134187539488
0.7336181255164393,-6.892206727450495
7.126646021069906,0.5157317158520622
-0.680958893395247,-2.0660714426401667
-5.070189500522266,-7.06344086191969
-9.654746665431917,-0.5515910178664698
10.293247082010323,-1.7343817133873551
6.8326777561474135,-7.056056939344817
3.0094566519073656,-0.0581980808304847
6.276615947701694,1.9918800242304207
-4.544630017153611,8.326779056105588
4.176748238087205,-7.808336878640788
-2.3301934100159944,-1.5002086876060157
-5.4781507963694,-7.899740292390979
5.794432728043877,-5.518793334087261
-1.6998858059357167,1.648948683282818
1.2176168579622175,0.928007363390793
7.988650657687164,3.0884426097856363
5.20062046250506,-9.358700985273494
-5.131223570480409,6.6094485026074565
-0.43807755483553495,-5.618761324549695
-0.6615955162636585,-1.8934427629934167
-7.4515691074576,-2.292059876621735
2.85744218629076,5.13031358525313
2.4036565415832056,-2.605342113613637
3.0638833606727256,2.606491644105411
-3.70428551378924,5.506670050991086
2.7431822191211257,-1.7469411031770057
2.54167387450934,3.9621755498585847
3.8161658154472082,8.077858363453842
3.8661426549042774,-3.989025273652958
3.6534274996815967,-6.348531613297125
4.068833005711885,2.7382597879547195
4.152237971506974,-5.114021670245814
-6.460350368487368,-2.2472163607014317
-5.460334767542551,1.9783219550108515
-0.6750012781861248,0.1755374857748838
0.04588035181655165,-0.39980220077557305
-5.1510274876279505,-2.814563227231388
-2.553282500963064,0.9716630301744591
3.15283314182234,-1.4400881355033857
0.4229387435357292,2.10890685174644
-1.0958369339824914,2.4475130911731715
4.628771243938021,1.7702401185993244
-1.359110152163063,-6.234654554297754
7.711021303419989,-3.626828695628821
0.15215205743954868,-0.6646730649904223
-0.4705516101977484,10.307470999993654
1.2366958557805556,-4.824963814415379
-7.680022598524669,6.136510673263394
-0.18155021000013358,-9.79309085960399
11.180116953130993,0.46703230397598977
-2.895495926954748,-11.052198140350388
9.039348415092027,1.8851138977288235
2.215297872082044,-12.867804363607915
2.6100015118048177,-12.460016641923874
7.477609842730461,-6.208772805468486
-3.4032538402769332,-4.134058671116626
3.6508905097904125,3.2150804919912157
7.997633339492367,-8.286580588342527
-11.41032059724783,-3.605527750037468
-6.723874241136599,-6.353272410690063
-0.9142360932879122,-4.805461357453725
2.2585482023373262,-3.4177520405816693
-2.6343662151215703,-2.588122918620534
-3.712501205497322,-0.8393718623692753
-2.7771560431280458,-1.5621952059581998
-0.22372148321543053,-1.9585660450465736
-4.176775164664145,-1.2757031215984556
2.868824779397381,7.271227325037133
6.484330349246476,-0.23619632964360085
1.2711608773203187,0.1738515946369405
6.639666984852329,-0.4025570824275577
3.291727171877596,-0.6347123015179833
5.605213062799212,1.135355153498364
-0.5151458443624617,3.031785122123847
-3.3408861927451596,-7.595236021055681
-4.83715338505825,0.6837176393292022
-8.086756073378833,-4.729726658850331
4.081799239964973,1.768904954139257
0.08150383275002279,4.610099351413419
-4.527177159476831,1.9881792103636404
2.1411937645627033,5.784390160397033
7.94306700668067,-1.5431178564637718
-4.3491435075119265,4.153005359242049
0.07646764049809834,-7.075060382289827
-7.698359356586996,2.751242067315435
7.2177960958103204,-2.0091070237428355
4.021731923828683,-1.0806949688235645
-0.7953840437367065,0.10688522893134096
-6.136804905953802,2.9855921776006307
-7.2151743900118674,5.425940563177746
-4.304809854286489,5.404227447057848
-2.388279400752457,-4.5716028465214364
-8.392624377675423,-7.397295244486935
-2.940241518520137,9.829940767262848
-4.61986151684522,-4.026987532092795
0.1474658933588856,-7.002081987941149
-4.497925943406863,1.5904108882011145
-3.9318808235649545,-10.957908811204698
-5.682947140415841,-0.5853341089820666
-2.9099624203342334,2.319474821033707
1.1775342787667369,6.459442583301034
-1.1335547510002548,4.992289317496122
-4.486398986889776,-7.84775115577593
-1.2488624701081286,-1.7292953250072167
2.7058145335935673,6.63532638386689
5.985025032850589,1.5863653717654043
3.4066719420566858,-2.1073475084445343
1.9839465866648887,-7.0781533175783755
-0.6144426640360185,-10.463411940242251
-6.392392095136179,-1.4931382524508874
0.47059405707268953,0.07466840434809145
4.782667660996051,-3.5082705831457663
-4.08253407539792,1.0105872031111467
4.617398721463919,0.8691396146398712
6.893512209347518,-0.27511240075980137
4.564302201053153,4.425394328798508
2.6177395919544653,-5.607032370340146
-1.552132327195921,7.303870261505478
2.217829474966778,-5.726837060421864
-5.820572718471792,-4.682276695743744
4.631195439630672,2.4549365178884925
-7.984849278777271,4.859293740771442
-7.001076820611633,-2.236810488927286
1.2965339995572986,-0.503936769701466
5.035966048085225,-5.587651433651509
0.2722828684761366,0.2616405319461474
-1.1208725793805743,3.562255784295381
-1.3203190304094934,2.350152622985521
-4.1825531993835305,0.6944314651889637
6.221289753851652,7.941167122264815
1.2397369563642748,-9.164038508214418
0.19054125544797976,-0.4465268223504152
-1.1239919731607046,-1.8424703749906772
4.635841595338263,4.061819709834255
-13.783564388579428,1.0039481152502183
3.3975470270827683,-0.42807253672174694
-0.5498496376541134,-1.5078527509356197
1.7504164309988464,-0.5268625585725072
-7.702963982141927,-0.14615861764251512
-6.775424273030472,-6.067003493198288
-0.5625132618850089,-0.5130042548288662
-5.612725064302811,4.7390209111674615
7.065889683442851,-0.8690290897660808
0.2678219672832024,0.032334328265738
6.3458384484389425,-1.839483368729356
6.656495608633801,6.264257624421613
7.7163463538589445,3.4127311045682203
-7.157813127347604,8.660539382699488
-0.36373452206372997,0.296784812475007
-4.010418979272272,-2.599628526865417
6.081863256654929,-0.5580130528538055
-1.4515858105915214,5.575005840552013
-2.9088987162474114,-2.804955776214903
-9.597053298766246,-1.7785981715779144
-9.960056323603878,-1.2770907767112059
4.266555648427534,9.69835886641815
-0.6517552970281627,11.675686171696658
-1.4893625729004776,3.5443507583156664
-0.38782902799437663,-3.056832051805949
-3.4291601548713393,0.6281744497837535
3.625117674902022,-6.882457523865554
5.491141991701208,-10.959157243014815
7.0285570549418495,3.0272275735624903
12.105022951375911,0.8706748814990222
-6.231685731246099,-0.8861511197135283
-5.908709953803764,-0.30584223739894834
0.29363972467394484,-0.1922211020078613
1.0310331607250256,5.1639087966140105
5.436411140746954,-1.0553496025452958
-0.12575458294067127,0.4534874491061022
5.349976215966171,0.5272023674885068
-2.1714616229489736,5.6343185649306475
-1.112993525818361,-0.19322305524426278
0.6141617932891738,-0.7512087837911775
-4.142234219430018,2.5303767235547827
0.0274691727574606,0.5201976097243088
-8.675037931051264,1.698888422093399
7.142097497039898,3.718024750382384
1.5832226968032068,2.308836755957556
-3.574466185097956,-0.1351496135108158
-3.75042752880959,1.6580540490789473
0.38397188246064473,1.1293858571691835
0.7926190434409845,-3.9197680249964884
-2.235614174101103,1.1031127210658582
-0.9661891859680241,-0.46913629457437067
-0.31137214297448484,0.5970561896412149
-1.0420847769338533,1.106013483361672
7.264920319831557,2.438074131106482
-7.099711367881991,-0.2719146193645389
1.5270386482738827,-3.683194796439768
10.88274399206257,4.926115725767295
4.257698246084555,-3.0401838381813016
2.6256310992109375,-2.8475615091138717
-3.983653379987078,-0.31370155335151145
3.2723620043663773,1.6189651241804452
3.824907509668087,-3.3491177639619796
-2.397287073590185,-7.501913081088647
9.13655823694672,0.6768204351184599
-3.565148101683768,-7.1580086088407775
9.101880550924232,6.18780478985916
-10.987933452967978,7.135763927694311
-8.009076370150408,1.2482720920735406
-3.755009081313357,4.499044003973378
-0.7889085037159325,-3.213510265355735
1.595461070103799,-5.409289605070027
1.8840258817435076,1.2325632908467599
9.663623616392059,1.0427016358726633
-2.937488416235053,-2.14319032989422
-5.143801636667659,-6.645913886155365
-6.2394105442327925,6.37719575408961
1.3769842262161478,0.2764223188289928
2.8723730974740156,-5.271670816710054
6.055498736365852,-0.39563540835349453
1.883669761795283,-3.936447239306844
-3.7544190312781094,-2.3193798192235797
-2.163759058050883,1.3212436270101187
-0.065745128403468,8.341002995499286
7.3683191062357265,-1.7505842510854588
-2.7111455407049405,7.617607509293837
-2.6775408425464784,4.458731784571652
0.8594007414958712,0.03630633540390516
-2.762139264968891,-3.599794060358418
-3.511382029982515,3.4065509796556284
-6.272747317547569,7.877211518742284
5.661675720889227,3.732467058292677
-10.645959830401294,2.2072412551951928
-1.6935894261214544,-10.532959011343184
5.228759505650762,-8.762839102391432
8.928045460612127,4.094149493780486
6.185654007336651,4.929018701219141
7.9943461323103095,0.12360333948670804
-9.066643930239401,1.038195018050503
0.8174692966247685,1.6731451437309053
-3.1753883884899907,6.490166974214524
6.174518784040441,3.012483600232135
-4.177009945854553,7.917275895204944
2.4948031357262033,-6.843981838734374
-4.897964819573074,1.4488597629844417
-0.1251824600670071,0.02619144085017035
-3.8476131239768727,2.7048840290286593
0.034126474109548555,-0.0007369867911348735
1.2974885752498675,-3.899681639561687
-5.283655294342913,-4.769545259337601
-4.82750201420932,11.582821147288012
-8.07977411851753,-3.76076126247392
-6.218148122206371,4.580912695171485
2.7186261679855335,7.192230861631877
8.595349422377216,-6.154982309911389
-3.8873407838490612,-10.193899308777462
-1.0979453899456337,-7.448813814180422
0.35254323813210614,-3.895077459746904
-3.3850665750617255,-2.1200682546450045
-0.19949022669401265,8.36572811656492
7.000469359883188,4.001748802690638
-0.37373821341407104,2.9332418291864983
1.5953396588875506,8.857438836963642
-8.395655395341036,4.207578228556447
-5.333008505077285,5.521214645589118
0.37720191122142066,-6.266897645867823
-0.8271589839468563,0.3499713532907617
-3.726166537279667,-1.6866072157855077
-1.5128679514070145,9.4863167319285
-2.064072405827799,7.507623398164499
5.200987729457293,4.541021303223769
5.833923966132777,2.292479001367888
-1.8044712043785114,1.3932697660749633
-0.2947447314270362,2.2507725546000787
-3.619954827804674,-3.4606466286574458
5.591298781314859,1.8797113212718612
1.7465710832085088,7.086170857884144
-3.9140249327244554,7.210965108662237
-2.5423272749810986,1.0339697347877903
-4.982279759565467,-5.198888857529474
-4.621683071686604,-5.35528951793909
-1.5372357774134247,-2.555616373564226
0.03362417369745541,3.3256052565795327
3.2704382780728425,-2.018511578495122
-1.6720112307490709,6.472389763595679
0.28145716345678795,0.46708331169347855
0.3670085378762042,4.842378168028579
3.949759896449094,-2.1751204393901107
-2.9483582495914367,0.3371143660216652
1.5069741909882421,6.976619396093507
3.822500168358333,2.0285186874464984
-0.11507522680114994,0.3269365335207402
3.275579531032944,-0.8397580283856128
-0.22544998538026723,0.07871838118497168
-0.061342749191693496,-0.24445858593091227
-6.529842876448414,-1.8671587879163665
3.140937519244003,-5.2151122693439955
-0.8799547497324048,0.8255448303073105
-4.50242285939294,-0.864378689864794
-5.469612124802306,-5.394934290766795
11.616276209527335,5.771801720323552
-8.181290149828579,-1.8513395148501737
-2.305285527438774,-5.3829590637353775
5.520303695382872,-4.290851856602809
-2.9203907277530545,0.7121410509463052
-0.33855084648697376,2.1333589449661456
1.1665775448383642,3.775943690469266
4.5258248774488194,3.046051525743051
7.2307368831466325,-5.003992207900249
-1.0110646776400547,-0.7218086161813899
3.3587599787363738,4.845306842467664
5.5805019574223405,-9.586027054786621
-0.24177645273370243,-12.212025221790313
4.393641948503187,-5.181161063661182
-0.420499444884631,6.75123905131114
-2.830845148012327,-5.987500808910783
-6.251365869167862,-1.683263038451695
1.4427549372730843,7.489370457318238
1.5443466108833475,-1.0264930110354804
-7.279038778939663,3.625406797595484
-1.7883644518487283,-1.7938788946435633
1.5722183100456277,2.940279117271197
-0.13437420939974923,-1.078073245561508
-8.239598699777975,1.8584235632048964
-0.4822138820483625,-7.608737006128853
-1.5537219022466842,-0.3405449720013383
-6.183632974094925,4.225626828114619
2.9231423451406986,6.107636314233681
-0.2027076492861979,1.5213885988622027
8.030890449391721,1.511825803040766
5.609170884553252,2.900877544429133
-2.5971039740137454,3.811721122643766
4.204544736789596,5.900307833849866
4.929019051874165,-2.533952042578353
0.1573643278964147,0.6472342098639169
0.41016230044871377,0.6081128830088671
1.7995942493205104,6.139421423206203
-7.27277658489107,1.324393600251754
0.056241060633359076,1.3639315326939974
0.39066227276865917,0.7571492113420804
-2.6851980765177994,-3.089735316038326
-1.668482422727412,-4.800404394074889
0.24060681927276084,1.2886177923778872
-1.5447851452485934,1.4961295448160499
-3.7901657288375015,3.927126896625129
-0.7448910205953294,5.717246301101354
2.6319602865168177,-0.53806822834561
0.7735355468768365,-1.326249516708692
1.0275565332752452,-9.46636641148189
10.20750092206321,-0.09006802264731403
5.135524197482995,3.0082970929767336
7.495319308307297,1.4026199469929392
5.008365713093269,-0.7645199553065253
-1.5630351630001587,-0.4642218686606693
1.3712082372608039,5.223330079157647
0.3567378245059783,2.9105968210599094
-0.8806851636430995,0.4131496566566435
0.73338401318833,1.3536859152249991
1.9397076493538012,0.7081521104279719
1.3811537516381873,-0.3278435649454399
-2.608097778370183,-7.714772487378726
-6.048382879630533,2.516007277775037
4.411141480810846,-0.7350705390954888
0.23739829767613177,-1.717047364983505
0.6123732784770364,-0.6184356131104242
-1.4999591420058762,-2.822565423776073
7.614457453662155,-1.189510195532942
8.240617046642308,-5.751418530354745
2.9870976107727714,-9.085132569313089
2.840807517861254,1.7158542716849268
1.1935456057100817,-0.247796316001852
5.3959201912535155,2.0942123388803897
5.62800242888771,-3.20378623289468
-0.7567407063168118,-1.22728312221144
-3.332037606781899,-1.2283536582692
-1.8351843408483626,3.8688655445139783
-3.9762117262487893,2.037131712534066
-5.171508869123937,-0.6828466076565419
0.11560449656070441,-0.8090752636419561
0.8169931774402164,3.1957393813367942
-1.9992065019941427,0.5746279194535107
-2.2062421154251353,6.107576073404638
-0.965994914309716,-0.8240355056996654
-7.737435377633881,3.0175565390526877
-0.8975461397075786,9.897128764571736
-4.9861214576476245,11.084099560032458
1.5219369876851674,-7.698214666302908
-1.6502757065843507,1.8757101754910674
-6.757781489914213,5.654900620700432
-3.3340285643508234,2.1688105354902714
-1.879688283569898,-3.677631889488332
2.919455471135737,2.4960204363447502
4.05000772262122,1.0091647618577735
-5.511723317883902,0.9736992159601524
0.5533490684981381,-0.05805334365463331
-3.9356451608762733,3.340518941648296
3.870123340467032,-4.000801019876578
-1.995592268484173,-5.188681987051308
1.74028499539264,3.7242044643682974
2.8416396152643792,2.0034451051445847
1.7495685664707947,-8.364000696948802
-5.863409952768243,1.424643537259679
2.5141141862445995,1.3246270194797092
-2.096808610345271,3.706718142550986
-0.3248958856597539,-0.36160931882554276
0.8307711571201777,-0.9091346096579719
1.2343562287778296,1.6446130090736564
0.8283657275845698,0.7785727867656487
-2.734851754513489,1.6531470777183557
0.2939563168465909,-1.149883454132278
1.2894834944001559,0.6254874856976506
0.9830644314506303,9.954394499931139
2.241412682060026,-4.0098534318556105
4.564135323255844,-3.1860204190494756
3.727074748222758,-0.6164125647316292
-0.32860784717533925,3.524714063009309
-1.4221492490768866,2.579992233793106
3.980711098906732,0.09925072868365538
-8.621154090851107,-7.002393049653222
-3.499439085639471,-0.6959858790951531
1.718389942559797,2.691246911160343
-1.7919998497371648,-4.183507273166534
-1.012308099854709,-4.129749835829627
-1.3434940054196114,4.561779741691995
-10.407594396798078,1.1925203709367576
-2.1855345437597533,-6.424764071472071
-8.550449284001077,-0.6088356648721606
8.135401596578005,-2.524323128918351
-7.032404240685752,6.571227286082679
2.5111865598281393,0.8032365521438454
2.825996248995856,1.0415351006028515
14.13922330149703,-4.874500534013356
6.544363607288503,-3.272710195287964
3.054233778437323,-1.9778854108788022
-2.778509372515593,-6.413556380621568
1.7789170541369497,-5.275779508600564
-2.3888437877557234,3.0984496239026846
-2.344946553804288,-0.25277759167356323
-3.7704272311025844,-3.981403940337093
4.599746036829532,5.160019309063819
0.9939565062979155,-4.704040660623342
1.1685525810448536,3.3796056121553213
4.143173250350846,2.351942352554791
-0.03371995620327859,-2.3826919976775125
3.815655181093746,-4.77780869076178
-3.72812279084423,6.8747429278843715
-0.5663961224043084,5.992415760487606
-0.385808672938596,0.14960517382962302
1.702659093242471,-2.044252979174857
-1.6625063904733262,-2.1199953477017854
-3.379929419317843,1.0281434027780323
-5.111998358945843,-8.459119898136358
-9.419596344930484,0.6155525402399915
-1.43330224733085,1.0397568713435
0.35458913636569683,4.897341433992191
6.233180061524232,5.157112058086285
6.145757421182749,-2.643059304492452
-0.5679927028828963,0.9092632727267616
-1.825159625591387,-0.7999069124865776
-1.5484357210388888,-2.2341841141152603
-1.7440071370568822,2.1417419459273734
4.185900647780384,-0.3125690278896305
-2.5451382817702304,2.4878700205033146
4.264832272775292,-6.419843488497346
-2.0698598858125674,4.51995584034931
-2.34713440789365,1.13346333625101
-3.672799202633787,-1.1409529069332085
1.260478025695196,0.7969071529829657
-0.1780862103783416,1.0800232334569129
-8.846206156553789,-7.119514382972439
1.1974109702716207,2.7311268701031977
0.8893319235952215,2.2250956692277097
-1.7018462696457903,-1.4710893854972564
0.7634789034713356,1.7644908759317066
0.36479894916591266,-1.029842441664398
0.13803451291402846,4.881654414605674
1.4820819603431452,6.0235749864305985
3.9149738632274436,2.593635334011986
4.874782829116632,1.6728083339333588
0.3339947708281692,-0.5747021265516712
-1.0446096989608828,6.283919822872223
-0.18127811089994922,4.064677130388944
1.6551036737720326,1.195447232860556
5.473624564657348,-3.4578139352727253
6.028014629521764,0.10380568972555951
6.796492628485635,0.7609812743449074
1.3599086076401599,4.235171046299135
-1.3654360415847249,-3.6428159323523457
1.9376833896518066,-1.86087319192305
-1.3326626183399193,-0.9241507964302101
-2.314586325174734,0.1329099493299241
-1.6706203703862097,-1.3543349834131788
0.7197449605595613,-2.0392512264221323
-8.199964169607288,0.8339763502776761
-1.3126738926434192,7.835873417400987
-3.768902306095944,8.50844557146386
7.465264923876063,-3.9424247095090537
-3.367821626431514,-0.07744583826272038
-5.292263374623499,1.2401344022949008
-5.04912708213295,0.04151216052801981
-1.3313637791870518,4.038184590513325
-5.552018610994803,-1.9244809363077533
-1.0343856851127569,7.435614635949402
-1.8675475966064372,0.38899913528021535
0.07853803654438068,4.378046883954098
1.0693707017722165,3.9522576408320136
7.577769132050497,5.105914923398321
4.059289716840733,8.071399046473879
5.317624413999665,6.769497824917804
-1.3201820637254653,0.5069723227693883
-1.46846389516986,0.9671200981762059
-0.5457527662227529,0.56837357101662
-0.5304386755716936,0.7943632576589039
0.659925078438457,0.051813134697773225
1.5205057307316954,0.8126935016454752
-3.99109780927369,-1.9238515059724381
-2.753618272319292,1.2975374822059704
2.6925558715862548,0.4025132059407762
-3.9414836667625646,-5.77585020836999
-1.542462592355375,-6.233697257475178
-2.801160381494631,1.9611002786121958
3.247075675310283,-0.6030081641750621
-5.441215328417857,3.345020288450634
-5.512816078762779,-5.772252094797341
2.8547183396896814,0.7370073491921504
-7.739136589259097,1.2703481962294307
11.798103334703796,-1.604806336638131
-10.313696093621596,3.901812591633713
-0.41522811047780606,-9.340742100666276
0.011421854968953008,0.8729234147026265
-2.13641053885227,2.5009859673003043
4.139294994857544,-2.554108190170802
1.7983327058906171,-0.6348271182188188
-0.35516310508797616,5.828380686879469
2.140904842737876,5.2485763150806415
1.9494215382014872,0.3363401168031447
3.757011765352675,-2.969943941761453
-9.112377401307697,-2.80050423883499
0.7945398029956695,10.164835803979487
2.389725367917299,-1.8756183921744758
-6.6190425283716925,-0.24577524764793504
-6.625687350979419,0.6018797163530013
1.4388438070552032,-3.609249517370639
4.162849241952028,0.4680151602852211
-2.572325304175009,6.080222364767489
3.1732745821574215,-5.621766349939223
-0.4790559535186844,-5.759404556316106
1.4712740112598575,-2.1909611335611854
2.3807097292664774,-1.0582583263153753
-0.43820596141762647,0.47684716940572
-0.5747645033536026,-0.25121046564709854
-2.958565468020866,-0.7501628986024126
2.498396161504599,-7.255494006705968
-3.4854947974640043,2.9134394935783874
-2.7166633156829203,-2.6099107646370676
0.14371900122950862,1.7455080373482141
8.524968962808021,8.222683580337597
8.77292856881663,6.632415630112879
0.04924618617132741,-6.230561015554743
2.1585191860086472,5.031530765988268
3.0034164670020957,-3.050381131427167
9.781000010523156,-3.1047240485634076
-5.982834936830517,5.665030231650127
-8.919574284354786,-2.6184885993681175
5.656441113528167,-4.259652566411286
3.3123392304528845,-0.3920880844400202
-0.22757950130267984,-4.144817590671699
-5.5798214348844795,-4.227315087278791
-0.8372382072291816,-7.402986900272507
4.510476171325401,-1.3893801517395516
5.662175277764863,-2.0985619971142566
5.587295549525255,-2.047527103652524
5.362429685240392,0.23505279937374515
5.457737256667613,-5.18750601777331
3.6546753927329196,-5.5650456367612975
1.692427033092694,-1.6249439410202486
-1.2228714244262577,-1.5244040645961445
0.9381112656753774,-1.641254969978204
-4.436054455458866,-1.5826855780411
2.2642842147560973,-2.349357617726957
6.444991203109176,-1.8371157660562958
-5.592282117783739,4.328877869187805
5.035727683204276,7.960104333941225
-4.6242896018192425,-5.02979188140715
-0.001428851118302644,5.698408172144909
-6.156146245856972,-3.889698416147042
-5.588206475602094,-0.19173713735001535
-7.455341716389172,-4.050125272063378
0.7501137867028148,-6.182170590604684
5.978172937373112,-6.8749752685026015
5.712592248428164,7.84010590820075
6.979917770201077,0.7092583956693339
2.1052380054842383,-5.633626212823242
8.694321363522599,-0.12252035337154119
7.308631245762603,-3.325849829760617
-8.629940161409431,3.7503979483847205
-9.103804321646736,5.423091580960311
-3.5089309228714387,4.909954250820784
1.0138048036977616,2.5802865542274005
0.3142228665490883,-2.36786511915
-0.2130395076494744,-0.07898374496568407
-8.186962437723265,-1.2936227469842654
7.847759914171744,7.899386338927393
-7.76417900255635,-5.24494358897512
-6.396562851464933,8.442650629167494
0.6974652306697565,4.6213877115242195
-0.5746989136537718,4.684906047081327
-0.4567659073888362,0.008957902253667856
1.177462404666406,1.4139093428037162
-6.222941071266542,1.4167987459732936
0.8994160732015323,-1.9079068325608146
6.110530583843722,3.248169359676972
-1.1324943653687303,1.4175277642052002
3.098486610228355,4.514205200488511
1.506278124837983,8.512711296804932
2.797063710769495,-3.5069790361589206
1.7159925221904981,0.15715657885858705
7.161542414923643,0.11865267661002532
-2.498663197766478,7.609333925622069
5.35372496272655,5.734759446811693
-0.8749805643806189,2.284913121659532
3.0026846191866072,0.5954209892285374
-2.133493885826972,-0.5636834906832937
0.49769081246436025,8.35737204555448
-3.052521909682568,4.087748922245495
-4.98270948499429,5.355713753029639
3.490016077182712,5.045763132890123
-1.1079359246363023,-0.08363704850364478
1.0461046060323929,-2.6573491501053574
5.761224017979488,-1.5979374329501204
-0.9716835659005661,-3.70780876831418
-4.50695052579285,-3.2585699929508034
4.047587323843218,6.699233837203142
2.452230469877979,-0.2696350198295953
-0.5938301462117939,-1.6001512254293875
1.766380570518819,-1.107866414966603
-1.474141116338799,0.5888934318146081
0.7251468335100074,-1.2980113954302146
2.417641595587033,-3.5084653202684284
-1.3732442238624625,-0.09330524873721273
-0.5232086328684202,-2.1237281618258734
-5.036777010168917,-4.897630449635687
-1.2950276980645132,7.391960398623299
4.502290036722331,-6.271693465392345
5.448816323447819,-6.2897606179199
-7.853082719886044,2.5185228734879446
-1.2829196840228818,-8.402394599555347
0.6373981415362583,-8.205071498924237
7.619000204280927,-2.76642897897355
-3.82435376215401,2.107540649207009
-0.6352688672887061,2.7168670584021593
-5.354950300835602,-1.9490034798815759
-3.4011697642281726,6.4965337100881015
6.785446498300054,-1.4335357973484315
3.23792548095496,-8.613945720160459
10.493703479871874,-0.35228620943956773
-0.9149274593576884,-8.618932943742562
-0.043432291933880894,-1.490186380203995
1.047903670985955,-2.4214139092672378
-1.0431165038695411,-4.921528585372668
-0.38809192982428176,-3.317195890440718
7.068472630648795,1.6676776376090634
-2.0176138841961127,-7.124341099568364
1.5808202826014397,1.0148224070612961
-3.415473128930357,1.4732037707735477
3.167152354817801,0.3089412986413655
-1.8743705852872543,-4.980663170866216
-2.9098724469541115,2.906271523970265
-4.440973949251036,5.364524789645414
5.716503928529793,6.207721239267928
-2.048056219657452,-8.166210977042331
4.634102252700839,-1.4505771675140897
2.1913801137781044,2.2900430463564874
-4.7757895515716084,2.7709019412927076
0.5546319036028369,-4.637267607050111
0.025373050064242637,2.7962658335599557
-8.482029838644769,6.148915445295319
-1.932490572817231,-3.5668644031897854
-3.428619656321047,-3.0645278153007016
-0.5925047603611024,-4.368787925369176
-0.06676309921393882,-3.7317607515064517
-2.86041651961824,-1.427588355215338
3.5789308070800607,-8.261434464166948
-7.445477132471789,-0.38600429447514667
1.2835881269294755,-1.018778589751534
1.033045581021176,-0.38023757206437697
-1.5373756491589017,3.418851525771874
-5.702611682834468,-3.5412184747461564
-1.583181789973668,5.378013749861959
-0.6080426828730247,-8.208446566219996
-2.556388233670627,5.755026633732567
-1.7594124121221077,-0.9708909121139707
-6.081966442580197,-1.7662501265246773
-2.3684071100289494,3.1364018226894017
4.066755524028792,0.6623585857833868
-5.345663202461045,-6.336974337421342
-3.2715646757614905,-4.063178182733195
-6.298334048502568,-0.727061656605705
1.5749783084394195,-0.6124903948466688
4.231421681064065,-1.3058304111141918
-1.0962854059354972,-3.7131476069170732
0.24309155228573948,6.256958079193812
8.50613882481265,2.5450058792301875
2.4376875000261617,-0.6379109188138489
-0.8065646667314144,-2.4794744364664316
0.8730265816745176,-4.877667814056496
0.28879591223784185,1.888110134561179
-2.19231914255342,-0.08839997657690608
2.6020507741808103,1.132761548805954
1.6761911747994103,-3.3266677269647915
1.9862766987361118,5.460840884327325
-0.7730565279669502,2.554573961916108
1.429812899534498,3.7558014549852543
1.562677018672118,-4.017985730126056
4.145888033156045,4.940363040795429
-2.8310573583979615,-4.8002560146697055
-4.44453828226354,-5.699977274860637
-4.158886749851292,-2.784734156888556
0.09298902732720153,2.47298371884237
0.013938493010945258,-2.998802375660865
0.725298297435012,-0.22855611932721331
4.1620953079447265,-2.065294900634516
2.5820097466447725,-5.166267266277923
-3.9703656349542236,0.3132900554252892
0.20148397161778364,-0.2839196199808016
-1.744421548597883,-2.306753413296983
0.13880960101182138,1.8770197497208645
0.09390419384795962,-2.176841592981162
3.8394975854185263,0.12629996010999536
1.3735673786435472,-0.9099776025318809
0.49544676861681874,3.3370417478158885
3.4114554059245807,3.5015094196854473
-0.3310051529396141,-6.544214617290767
2.0787466076580827,-0.12427988564485783
-0.7123077634964098,-0.4673018613925427
0.4092535828540567,0.8313409953012877
-0.26033048340962106,-0.8559723787779822
3.5423330772965405,-1.7929370218866358
0.7486679917735298,-0.36593062677184335
-2.2837957601009076,-3.702252057231545
-0.45602712720481364,1.04629407493971
0.0599432643039094,0.285220576716579
-0.04385288887628653,-1.6644157401957753
-0.41609646483892576,-1.1654161918040726
1.6480924960484407,-0.1361043644988035
-0.6052781127010125,1.3152338564634267
-10.813403174184865,22.655399419800947
26.422454483730103,-2.7753613272461695
-23.49296570130246,-4.15758171371333
-17.828663121181886,-19.0054802767634
-21.27837399749167,7.991122908737154
18.67239598322846,-9.101127408031038
-21.480657374561325,-1.7196481453081258
-20.025115771793043,-6.492548809139276
16.777616928646168,1.010207964663524
11.377163678418295,-9.529106894542606
1.5613178288772929,14.963970204132984
8.955787759960314,-10.397137435540737
20.281790792185344,5.956537756383761
-9.69395513491904,-22.66730966756162
4.469637998085067,-18.03437049795692
1.3887135367341763,17.97296006893036
14.883203293904518,-11.08738115229136
-8.675868852662115,15.59568645818302
20.11616553130978,-10.476077318459962
21.690694303610844,9.266747048490435
-12.598982868778043,-12.504511816750377
-23.406940486684555,7.946816682741314
-17.34001930488005,-4.738085942822341
-20.866244699737457,14.088358957311248
-16.48652785212924,-17.65484077032132
19.130283089360855,12.951127837893317
7.427555275886032,22.06364950611179
18.230935416783346,12.734681509639474
0.7014156706323049,-19.242371712460535
7.273341312439176,-13.659109783534197
-18.8503651786043,-9.055640142580998
-17.702974755670986,-4.084245059016043
-18.545940688622384,3.849630190871495
2.110081797462664,-16.97922786824886
-21.49414485158293,14.269752507081682
-10.012094121823637,-19.42722001776973
21.860965493748175,10.620610174300523
-5.646942558593979,22.819484703559237
17.755974897865855,-15.30578200748155
-23.240351190884223,6.498446440500692
-2.479359750392153,22.101901518460977
13.435455784562658,24.101783879159573
5.888882068144031,-16.591813499965106
15.593700937715136,-12.908485204460478
13.668747131647168,14.183535836707422
-19.079504583544885,18.337618898876773
18.82965978223242,20.078377794353965
-18.74549714403387,12.732463292318817
-1.5742903057562665,22.89907688257166
20.166443766294663,-4.177636446083243
4.316460849438229,-24.158642191576966
-18.816971763899584,-15.957715875779321
-12.545216069799563,-16.034766431435617
1.2058174797929355,24.43397969272194
-6.101053054024677,24.601894653630758
23.99420797061414,8.370450694176373
25.102434791640448,3.2730949377757237
-24.315383639633815,5.303025797217924
-9.787307268453317,-18.933895012660003
5.548150940239595,-21.48207053814791
-21.190101333816667,0.6808966748578401
-11.478702125643123,-16.56619289718601
29.73642893864908,6.6682893895785575
-5.729813256982207,-27.86568237020556
7.787979729448976,16.599780604979053
13.41589596030388,-15.594438297623217
-0.770034080002457,-16.950353768105487
2.6000513987295646,-21.471380340462378
-24.011635434653186,1.9600631602823517
0.2747991485750201,-26.946312722331115
24.270818745284476,-3.924212483135079
6.441864215687546,-14.564572351804348
-9.477809697773358,-15.482157044687025
-18.54818953413362,4.331968043113926
1.5486884174364612,22.568983908578932
16.565634831713215,-12.595368277662326
-1.702510052890783,19.512858881464464
21.532249843459322,2.8104191804479886
16.040522499633738,1.4580617111900236
14.530501890419465,14.003066491177048
-14.342933169307257,-20.755879200651002
-19.83493412349989,-9.130892583859303
-15.382771650269182,21.1906798743204
-11.999437530194383,-19.09270203677916
-19.631438178111857,16.680581959640737
-6.1074879452244915,-24.515340527414775
7.38623790255746,-20.370451133676347
12.562829858492618,-8.445904585667398
-2.727698616957759,23.86187068030304
-15.7954520953915,12.22273401529122
20.976147473446794,-10.112843457904024
19.775804236959942,16.864187807095412
9.863653940446945,19.08287795463031
-17.90076117709192,-6.288787923823718
-3.761784871365665,-20.091564426025993
8.169594343067839,-19.18210432102011
-4.598294748513142,19.796739988106175
-17.36284696595471,12.813144023547276
16.235388480446314,11.73236699402186
-1.9505285338276501,18.5058276193648
11.005204985476825,-13.630226028824218
15.571753892721837,-8.616052245842793
-16.375523829191167,2.627709701580819
21.765012692247783,-17.16919325239799
-9.414164662864383,20.06588729107916
-17.40920238538404,-6.13839324468875
20.938955643869487,-11.60448593963747
-9.24386418864795,18.3058883840582
-10.863285274573672,-5.573726994347818
3.4622241066219486,-16.861200971531172
-3.095258200618794,-19.77643273198193
10.604593358689486,23.12170641843822
2.003161132038743,21.048072706071526
-19.349742035788466,7.4612355206431005
-6.548284606703592,-22.647708535148833
-13.09195900837682,-22.467642398008532
-5.698059215788756,16.195558711362384
-3.948564341027348,13.00631769475271
12.260419104743507,-13.01108628190433
-12.740089512060639,7.995327483735333
17.19898300677061,-5.003557503077033
2.5061639085485656,23.550913588083684
19.102611210465913,-6.670378045223917
-22.64314799852415,11.033888331449015
14.49568192352352,-14.288699854194038
-15.917312648149347,-4.46282036917866
20.9757397305385,0.8521233268518262
13.985853560862692,10.445960544748448
4.648385227259292,-17.54426437283292
-20.882075853455394,-3.45855617211842
25.414962885877998,-8.067460993266048
-28.87791750478366,0.628775923700852
-16.145502908659477,9.617778900378703
2.2182977258149035,15.665388927741743
10.58360221197838,-19.879491970408708
24.155079700130493,-10.164897806923952
20.960309192207838,8.744682856686024
-16.04567716830225,5.833694455503092
3.776712109565744,-20.80874895462106
-16.752861361588923,-14.390486236254242
8.779457954160325,20.62130780965543
16.441049327835387,8.797003569386645
-7.6837622040266025,18.71123054454347
-22.87247931652638,-0.43566027960786247
-14.399572423166854,-13.927625357130403
-22.86459440199694,-0.5193231590115792
-21.102472561407474,4.726380766977438
-7.005336064860033,-22.093865156795832
20.256795454999406,11.656798150100004
23.470771314202462,5.428774385958443
-16.400691319375248,-5.489790076513555
8.67770152278801,16.961571155519554
3.314545667193836,-15.251901358378582
7.401510128465832,21.289328474867624
15.214696731859632,9.080936767369979
13.672877772466913,10.463425446363962
16.34431642443198,17.211459700613087
-17.5162468061693,5.906243721244203
9.298902595033702,10.188069618581943
-15.149485967432495,-11.880783350174754
-2.8554059345685454,-13.187829178495154
-11.229584261467336,13.506835302783696
11.480769885942102,17.691881962227612
23.031945677526142,-3.5757517011072233
13.955659915444516,17.314482289824888
-15.022862585313508,1.968684400817952
11.876536679296413,-13.909851099929725
-16.03431029054347,-16.26664710226874
-12.532576005206725,17.62222221116613
-0.7999219920874029,-25.659705783064386
19.66881356287728,10.742029326465119
-14.715414564968228,-6.824604762066935
-7.969596256863561,21.5390105003277
20.30876645904349,0.7366513551733822
-18.39840054440605,-0.09395028367750519
-21.53260616804639,1.5612860073793715
-21.67267137842317,-0.35190456341499055
16.272484361635904,-22.31167175488472
21.05346532237812,-9.502129957812485
19.289269059515195,5.103687370230277
-6.724815317633481,-24.35594858130593
3.565214532791214,23.226357792900235
-13.538962524567356,-1.3285743629462599
-20.939028314653164,2.884234958995405
-7.313085004485939,21.32379213384957
-21.763974658859023,-8.111194306485155
-21.485353235873053,-6.5380843853186486
4.618744190952231,-23.672827098238333
6.551689666765496,16.074251637026094
-7.942073047885794,-13.708289562898573
19.38691860486574,-7.9764405079611365
4.390255483264702,-19.147571914166598
22.974729328713547,-7.1015661110839785
22.13563833238981,5.411422350951623
10.83124123921779,-15.110635708781766
6.280111137522711,18.261943429272602
-20.996120089512917,5.8983218644274436
17.50042053176654,-12.648152029969369
-14.888051251885585,-13.478994665910724
-20.083349155547992,3.0383392295186122
1.2839896479094406,-13.493144419645327
-10.77868840740086,-11.167789171174348
16.61039350020369,16.93578330729665
7.903716793817563,-14.872086701303328
-7.860986112086517,-15.206664232427487
14.564115382556658,7.425377582564595
-6.327697441176649,-13.861607579431203
0.26609672762329417,-14.656823069310846
-0.17490926519947103,19.076279221517744
1.166554535799245,17.00511397110749
17.70006261473616,-5.361523435472062
16.806910231979106,-8.430487552656325
10.878423013379592,-13.978821829940985
-3.7444595147177524,14.091425127912915
-17.38515347711182,9.583264650347507
-9.872499010284557,20.564802231079522
-19.440216363273233,1.5275935194751697
-21.84429185785287,3.226555673283027
-12.230579108967786,-19.469288227581
-17.167167266755783,14.566046398128186
-1.370493838238142,-21.70794092533166
-0.36199688149284864,23.61282372462012
13.342932811736178,-17.48976457622097
-7.372234298404578,-22.9437164804393
22.880382085934503,7.478303057592107
-14.662646654845968,17.70358798870899
26.559207384070003,1.041149234176919
-14.196416838356335,-11.585015711230168
3.6192362654392003,-20.136812146907076
-15.459755777543084,10.829632269130524
-2.03285387401896,-19.353304451016246
-0.11345797171175365,-18.356878427971587
14.37989398081852,18.25506645149147
24.509244574728335,-6.260072633527152
7.694564412619397,-24.34381713108533
-22.522211488549132,9.913886221988152
17.624348500487347,14.84628325685002
20.989708388810357,13.435811619252084
-20.19214930745489,-13.337774143749936
-12.867939480217549,21.48271893332513
22.54059787103442,13.110572489230961
-9.238198460576012,26.290185004315035
-21.893316902196993,12.205376543520865
-18.138882894652024,-0.6243270141566363
8.218311498156996,-24.297466552643026
21.816575542687723,-5.957364234198975
-13.2508429770726,-24.15959436355648
3.3713759931348335,-25.44589773402326
18.663766001235157,8.816388365962764
-12.974906273352817,17.514095774045334
10.927854753704944,19.301291523698055
-17.853143781930125,-3.0595411256662746
-2.6375203720707123,18.618752011941954
-9.88173944904331,16.800804663627552
20.154918644165708,-13.441507841035362
0.8235937414879565,-21.083363061242906
13.66798404478965,-16.32259013710566
3.7702381191019665,16.121807138037653
19.850515665706556,-16.290288101110328
-23.18780010375662,7.237802731465636
-7.902142560423621,-17.64021681809281
19.32445781711174,17.800456643581853
23.886283189994955,-1.8127196404411992
-25.592175903200012,-0.5366726309296469
-0.6210317050915277,23.789108433847794
-4.470709274706676,-20.89565304101443
-21.677794169366546,11.451267300895926
20.233594920061165,-12.382878811417783
9.408007312575766,16.857986752146715
-15.670277687092305,-6.593690462099183
5.991006602566862,21.451490650732644
-8.306331255393058,19.94982794355842
0.9344315289294332,-21.178968271491673
-2.089439481951524,-20.453392560526872
5.077196251287228,-21.920410482661982
9.571907895567175,18.264398086587356
-5.649542932248996,16.389615972509688
21.238280924315696,-5.627614747145828
14.936777339557821,5.030375031340789
7.927108317860124,-18.93877021958649
6.488748255758201,-9.96524886859392
8.083419525673966,16.218847038597904
4.341693156750652,11.902968970719003
8.855112546023319,-10.922140810897629
2.3133197297154875,-13.846323120558003
8.041540832784127,14.841227520118712
-4.20116892706498,-17.503179806293733
18.535452103744955,4.541822553313387
-0.6660417210795145,-19.673664478114
-12.468803318121717,6.193120775228826
-17.116458647796662,4.9699071200489335
2.0190804105749165,-21.74325885705764
16.949949975360052,-0.5518949496321228
-1.6148525608232593,19.914852739006005
12.646968131008085,16.869528158948498
-1.3194126837790803,-19.231060478014623
-23.213652992086093,-1.711799780007207
-6.632175093407473,20.83410309655502
-3.2421155883109707,14.389099889703257
-5.969311250860064,14.356212312508612
1.7141835574342263,19.042002757513714
5.691184193672548,12.81861071142153
17.915782775809262,13.259927177730658
-17.68613312768148,13.41159750420752
20.304243992290257,-7.378507365143951
2.90354741897122,17.815735078214416
-4.3862625227301395,18.30853271897138
-15.019080841161589,16.155898564997685
-14.120197870686127,1.5695174577637565
-6.269891816605363,-8.761525847831646
11.548299741931908,-4.1806533528038985
3.9296482513838766,-18.219525027092015
19.724817376662067,1.3291789082946708
-13.647426013858693,16.636574718314623
-14.897389992747394,-3.7489850531690685
-1.0158930742218975,-14.911791910540419
4.943498221222918,12.123403585504944
5.02255200770213,16.0044369093782
16.157259675518983,-15.674896575084713
4.774038632934083,15.095132308693564
-23.087398248618552,8.176970880193604
-21.72428077498958,1.6150180641340866
11.245502522863449,-2.3940028930312214
14.960206349807988,3.5969546500569183
14.917363146061016,11.096832940554151
6.550510990079412,-16.015831459499868
2.60387008560348,24.581189726775204
-11.65765710884811,-15.341235850378917
-24.02113754623419,9.571791954295819
-10.187265994852472,18.55184598390617
-18.963075794147144,-8.03892128348859
-10.050565809060767,-22.975802867544004
-18.58954775920965,-9.855594708627391
-2.0921987218450444,11.594121067075642
-18.537938822554747,15.648586765972327
5.260188718515614,26.937466455915622
25.575292431738422,-3.9116252149055617
-4.023770380731765,21.984118396281637
9.054058893488206,14.292104249735
-15.179119554123572,14.042373709397362
-13.87437513056234,-8.240220001114748
17.288480425231413,11.786349646437364
-8.286631044687779,14.681096068320166
-9.783015609266025,12.67162968215103
-12.997207378028692,13.57734345121796
-12.458443961902141,-13.081827187141968
16.09015209139509,-6.154037988152516
11.926148406915692,5.953791248060869
15.161625317821638,7.3928229826823975
-10.994044980513191,16.584918823552588
13.332770139320326,-13.901007896557992
-3.3920635493859934,-14.704264215610536
-23.589147150229557,-2.7014417114898253
-22.89808267203078,4.743142688808806
-3.8539363032694123,24.178686953083773
-19.13341626126817,11.440247885583977
12.767777508743773,13.218382113720883
-16.1999599238941,3.778116354736009
23.636515456963,-8.621767202356857
26.101239172892097,-8.280301326858995
12.245775278782462,19.815873272942422
-25.95427065090663,9.2330683173984
-19.166774372150368,-12.061946920051254
22.57700872703681,-2.1417997367424793
15.111968065551189,-9.159731160030258
-3.865447373112339,15.683728919316689
-5.492041321427398,22.043802623293008
20.931733277099944,2.2533100232701346
-13.382222934771768,6.492159505111942
3.5009065618936925,-10.819044502064346
-11.297147680118755,12.041224329911088
4.842823140646068,-13.50942177994893
-23.34733617486726,-11.889948184555758
4.192185317632103,-22.250777391688597
24.440618433190625,3.6876474496030602
18.34273196698254,9.210170068117753
19.183183193737285,-5.961242601289187
-11.541809290252694,15.551237471304864
-13.376898628403168,5.4704457876330475
10.230344492094101,8.340370704481968
-2.1994473140326263,-21.126419830992663
-17.210179921864775,15.58496729941839
9.556911582520717,17.071287940963256
13.992883268944418,-10.181373616252122
11.471147620503011,-6.654969739034384
-18.58906339374005,-1.4473101160008126
18.969162604072228,0.8464407142793087
13.967386972376294,4.55028433537894
-18.697541168256926,6.650725897860873
-12.564379441681591,-11.385596529154009
16.990986801310385,9.769021473368628
14.52307453745299,11.727899315989363
3.910159671076571,18.071265045346724
-13.699297033923981,-10.775374403789385
8.558065663532558,-17.869491011550906
-9.549838072105368,-14.400823496897182
-14.087580206827345,9.057907831369581
13.050454992246388,-6.820181832805415
0.17718035397424017,23.379713024077667
-10.549639708635443,-20.67717977390746
24.13206478009302,-2.5779301593805592
-21.536468569398288,9.839572640774591
7.774249218210542,11.7845538713316
8.480570411551133,-12.075343624581517
19.010405115592093,-10.944125851925191
-23.532069553922437,3.2491634118878117
15.399058319971632,-10.655033370415321
-20.611915687733593,-4.757793905481357
24.83406277216453,-11.120334075735144
17.79076236522532,-16.380537841372423
17.443574014695436,5.807815587903672
-1.9651533145743507,17.502863417323425
12.897685421411607,18.073776890203654
-3.946887919231499,-25.494351980416717
-0.4936326601547107,21.29344592257709
-25.24832071855107,6.361297645764157
-15.8807666325866,-24.303594501900843
18.01184122669793,-14.948139902375578
-9.206473998822156,22.653595289863738
24.742825712657172,-4.809206557076446
-24.09729063347768,1.93963694343565
22.659161521810702,7.1956338014552745
5.327321919126507,-18.44471375103944
-7.915870440712997,10.13233636089823
13.858281577612628,2.2600611067432363
-10.168221950830471,-12.825633637307625
5.819873461176465,-12.731028290036484
22.87914812873444,2.517711260576677
2.2295903387994724,14.446329578559595
-12.46295688614085,-11.114950613102344
-13.870349966195633,20.96849725173446
-6.565085563517632,18.62719505154728
-7.335114113847707,14.967002575368584
8.906980369418894,15.79724719825714
-17.027800298046813,-11.827819407139781
-16.286703653570424,-15.987459098205953
-17.50039124335028,-15.594239520124843
20.555938020232766,7.149308482201698
10.232041038504006,-15.36414731424802
-15.549709916734123,-8.774489360655702
-22.32977208637936,0.5119407817077432
-16.8475802158691,2.1725086840833185
-1.380304494577466,24.171373522255156
20.016594882591843,-0.8050260247819032
7.522747622004591,-18.00695572908126
8.503038374233718,-14.657230763723074
17.73995063258344,0.21338057043176703
-11.624621089480618,-11.25247709149738
9.598672594427772,15.019286794090442
-18.98762185899892,-6.271375249890854
-16.696873771535046,4.829310835550939
15.020214362929785,-16.05393966874054
-7.478287520774845,-17.90227590727432
-14.70324692438841,-5.940808842766523
25.43566626587506,1.775302588621788
-8.103501838092424,14.021961868411195
4.876277220571057,-17.81453417674855
5.352296014327185,23.91789260916518
-11.323629980060355,-9.543927434424754
-12.946912196529858,11.226470158283542
13.357216839130267,-21.24888904855548
-20.61377199368764,-19.44570979146535
-4.467560666546792,-21.44203781968544
3.467831254227528,-23.543316052501808
19.300867883417144,1.1267936350308303
21.18349167358156,8.560470500231563
-23.59351208955439,-7.108448447261129
-8.132444981002543,-17.71086535928813
-15.143271878601826,-15.834296820647856
-4.721177808536644,-19.147485019759714
18.410983360235132,8.208622873369183
6.066349415026378,-24.438238240845934
1.4373612752643348,-20.71773653712826
-1.4888735698516764,-25.962554116905398
10.899747057335997,23.755375058978633
18.4062487360421,-13.067526741800785
25.365025140863683,2.604354237670651
-13.00122628851187,-15.375280072810037
0.9235226241284445,-12.440523504761131
15.315598077140029,4.764533665964042
6.107532808022803,23.047843176334922
-2.0037234468219287,-24.42763256827344
5.523313315002531,21.465233882627405
22.062520690598344,8.291444424166055
-9.255272744101651,-10.941526428002277
17.105075779679023,2.207870344650557
-19.394022804404138,0.6818151366895318
-2.794237115589295,13.82981290610678
-14.179252856428871,-2.8606720225646898
20.725318548137917,3.27617159554616
15.288103150348572,-0.2997786154795521
2.2641486173950356,12.688281420329115
-14.863015492848083,-8.954860689700379
23.970887141485242,5.005852946921686
3.7181629347411422,-10.907210816707732
8.680836491444943,-16.515842086868773
2.5289976161296033,-25.157340045248663
-26.417608320104097,1.6091972944809751
-21.109131098671394,3.835477284394025
-14.751715567149482,11.04198168795449
7.191573235378116,14.520127906792844
-16.19524544215246,15.584179170466324
-16.0419247907901,7.802805465352598
5.807831160212036,-16.32104854711141
13.088057490952679,-10.477197521067064
4.632843697117083,-12.959348678984972
0.9420759676185556,-13.157330955791581
-7.927366045288568,13.054743962257445
11.099980727025914,9.708236130791935
15.724946598815952,16.922429702307845
-14.699464336484958,3.709497746650354
20.544927084186504,-2.5181676293432784
22.432557292103844,4.928283298405545
17.45392174649821,0.0065822869177923115
26.19124937055159,10.329541159386158
14.56880394740259,-19.49686808749755
14.877129401044755,11.71884947852192
-11.30210636606606,-15.440684371167396
-19.60065759513429,9.076726247803473
-15.621925184452572,-5.485594621357994
15.086333319906894,19.36610076000983
19.509465299789117,14.661862002416287
-7.165590268900276,8.891453748000906
-7.88268481367292,-5.206013024831813
19.881298040076725,-3.235557547985254
17.62132916871866,5.954038955231708
12.021661822711865,16.227749221893507
10.656174461262614,15.575906329289541
18.402606444021025,-14.171606081530097
16.143059258221697,21.20732575681591
13.842285762693365,10.983736599802256
16.354762849122196,-0.5114333996500033
14.433295729144705,8.845538331892797
-9.896853432699494,13.39431511707824
11.074535052606505,-20.395904529477132
2.4133863140477803,18.91494729776125
11.263637500910605,20.591467784693013
11.726039331046765,-14.698661171974686
-10.895109987026466,-9.395602143606224
14.08247974888938,19.52190263231729
-5.673485920251008,-14.425243067657735
-20.974837459497166,-11.813727050931206
20.8683358100217,4.372176632258471
3.829567712795377,-20.871892658555296
21.84012304251703,-4.957205094306717
16.04932901569546,-9.485121913126283
15.9820616950473,3.3379892180287585
-11.121199826221583,17.921734676584624
5.824068008608016,20.552659524168746
-0.20204483581326593,24.396010328461543
5.591821782180083,-14.092186926493177
-10.415028355772273,-12.478142505839514
-15.475268086898991,-13.815926943381001
-9.990001998278306,15.708634351398949
3.810387528263001,-12.713429175851362
-4.138369727243481,-12.389073375707909
2.6333568894182107,-23.197768875258884
23.806481141299333,0.9007620627865527
-10.163606072190548,6.012498156366302
-18.067203531893732,10.92923218200132
-15.027711966378725,-20.351610251910355
-24.115234987127312,5.3871155784628195
19.825325461382103,-4.50999820499992
-4.132657797242141,-16.439863223307416
-4.073816642336198,18.574447927212354
-0.3409106362695911,12.945785256244498
-14.149026867594168,17.959088429143666
-17.28723522680865,-9.597816891987188
18.28342357445939,3.795333642598235
20.276954621970017,3.8684127315501375
-7.633993440981731,13.71341070475692
-14.016481314921561,-9.85060484386157
6.216853852789936,-19.2895190376037
-11.623704420000745,13.242172301566685
-15.016924578966863,4.962245729795006
17.772758406011526,-8.323480774122924
11.861290251159517,4.721986332936597
9.284445357522646,11.996067188141348
-14.231278393583734,16.499608078109436
-2.4536480234471085,19.425455813810586
-1.9263953592493284,21.1770102992374
8.154019133018307,13.100173726673509
-8.60309747037329,21.613120545978063
-19.40996632595211,-9.846737497467107
-16.03256162220632,-0.6974888588427242
22.003086557637925,-4.225390995703472
-14.545681050058118,-12.44890606279081
14.31778202868422,13.117524099298592
-20.06133805107601,12.970871911054424
-15.562388375791794,-19.027904638977805
14.513210953699014,4.331125515867593
14.272841362925831,-6.7882557629015
10.975711129461247,8.2996634708582
-12.171925932985031,17.781784227622335
5.2668442941436675,10.6821835608163
22.498014900221584,-2.7158152841186536
22.633450178539185,1.4569878860414607
14.511515615336748,-0.27967873846196994
-6.895146924691414,22.968910320955434
-8.215853298023605,-21.455578275553798
12.739799731287901,-10.431453243104515
17.508192497191267,-18.16084489829899
1.0043387898685396,-22.77291583983597
-13.51313315310277,11.992586432943568
-25.19991177249832,-1.1013092574100478
-8.51593436199985,-22.291029448590752
-7.636431832920726,-21.48151687083211
-15.38654569268589,19.656299966535368
-7.604813861819739,-28.048115884468285
-21.17730300153539,-13.75017851210825
25.163525986151058,-15.272297193688852
23.78412698697249,-0.7120715515758873
11.177484219345798,14.846576067248968
-11.596419458697223,-8.898198652410692
7.787252933194966,21.97829265275126
-17.455897660528017,-9.204649715592643
21.39533114541651,0.43992161493852466
-22.687329250848435,-8.440777512336881
8.927411294499914,10.05163783619808
-13.136865343784873,-5.502091250713838
6.774380378082462,-16.10264071446289
17.20388989150208,15.081778901504487
-17.674399054595316,-1.9046942411562882
7.369501265702721,-26.90659286492095
-21.019251886630396,-10.316465122873257
6.724194809474469,22.273577384786005
6.02918326325811,-22.613620483791244
-18.264662264858675,-13.82118099007238
7.885247538909239,-26.794024102146544
-21.730914725408912,12.786252564319616
12.638451226670307,-23.80532673362939
-9.431561916143721,-21.716811457337574
21.714979709536575,-6.7137281225605765
22.967368257839148,-0.16362032253261294
12.14303530951445,20.6464421179944
17.279890586800924,-16.01046672583076
7.961109343492201,7.105415483675681
4.925637029387053,13.023519020087326
16.90424839262902,-10.191873620552553
-5.263694828128161,19.136569702742634
-5.159978924137751,18.547139894595404
-5.192169978106694,-17.560611030303725
11.009304406189097,-7.437537471104081
-14.509341106342085,-8.543685082562277
13.253543674651926,-6.025473183075199
-3.2378161759371222,-17.220296720575746
-13.327298938037995,0.4307981594186142
16.190525396117735,-9.120689108587857
-7.514185342662723,10.703960789815836
-9.938979554374924,-15.916079112777334
0.4764069001948908,-16.605813016863774
18.99916852084921,-4.419236460915932
-22.826643200399776,-1.9989754349744704
-16.397845027026,-19.523343790363203
4.1874660137226325,23.511255750505093
9.387557533117135,-24.33978104149907
-11.255693760999819,-8.002447604432186
1.7854198677487083,-21.008158172761668
-13.889438876429464,-3.907721580481908
-21.49332745851332,2.2785166973132887
-5.754099011120512,18.919523619337685
-21.429647917194732,-5.509624940189748
-16.713390680671633,-7.880195655506543
8.590477210144044,19.245273328919755
-15.224727324323057,9.731845711338206
-1.3831595305659312,14.714505143421864
-5.111319875257388,19.168111211790865
-13.358771233213805,-8.784397182648712
-6.055396816728659,14.284053232589137
-5.696891447946292,13.04406192537413
3.9003794706325343,19.953792473707654
10.876780304450403,-16.522666605271947
-7.863091194638031,18.026654400866867
-18.56505947692953,9.737217151086906
21.140931431665667,-4.476302789418558
-14.135437516257996,-17.18741139697277
-7.3675542059161625,15.779077243465705
-5.272116575791075,-19.67250955049423
-16.393212168394662,-10.575006767150377
-15.030763686571165,-16.413103436206505
-14.620229733181553,-13.877116451830146
8.385991789003928,22.20500654578657
-18.084814627905153,10.610630353329958
13.100451705453247,13.93772827015182
-15.304168772155407,-7.20470839556217
-8.13809344242746,-14.445790565174194
20.002388577285707,5.042034574344949
-9.111438762071753,-11.189687023271508
14.917825580203175,1.6575761075654103
-13.487985790980497,-6.594604872015733
-21.002491125525037,-1.250079744052933
1.4163774905373085,19.40204650017344
-13.347406238265005,14.824038695620771
5.251943737762676,-15.727825023026073
-0.109533485727442,-19.958619908704296
19.703072461036488,12.569034117715548
11.08895654766045,13.01394774398546
-15.923568810037613,10.69886583528515
-5.832288550972106,8.67779474643355
-12.150724587823028,-7.929013321453467
-6.773442894404171,9.744832087781598
-12.23811760945455,-8.434268079352304
-13.734649210465053,-16.961964332461836
15.704105701419923,13.326672347614412
11.448102650571098,17.878929811856533
19.564444780136782,0.41695151500442196
22.127909878338897,7.751531666184775
-25.13507556875971,-9.618828310707572
-14.881378732347397,14.84578753975524
-18.43783251282071,18.04868001282778
12.04835807630574,12.833996188872232
-2.2809875352116737,-16.966757608891918
8.892964858993324,-15.457388408594024
7.894048126877063,-14.380994329212585
15.516508608057006,-9.904010490105053
-0.6508929649009669,-24.042185545424935
-13.709358305498341,-7.200676504843343
-4.878324651742389,20.78456435817214
-18.527459552910717,13.653561419993556
-20.114163722513467,-2.9062408270236264
4.195714425445281,19.962995424722198
-18.716061310666397,-1.878720382063588
-17.260387234533564,11.562696242294876
21.289451895130526,3.7264052070455964
-12.617106895469103,-14.718371732880557
-18.807504258665645,11.446548209165268
-13.159504276142856,11.626676100474086
-12.8748251701002,3.8902677037898834
12.501234417232938,4.240394883653355
-12.413246630246023,11.39672071000682
-7.455747978284041,-10.00618972940621
-14.380576601955585,8.255406424304747
1.5033565085119056,16.014568278651804
-11.67726509437107,7.967151580535601
-18.677100214213414,3.3855168053347557
9.88574776389702,13.805845154715463
-9.987497491994121,-17.549928044363508
-6.079309584308105,-14.85493726533767
-2.5793663200848886,20.191845093222888
-7.803997028629388,-14.759118291035056
12.213736891642167,15.362756629711777
-17.927264834812473,14.368010124245702
11.267421365049513,8.125286154290182
-12.104750560226254,-4.280498346207642
-16.614481042695534,-12.241220959393635
18.62675303182122,7.442495731083753
-13.489470565709631,-16.98430647056932
-8.058271344072278,-20.428826326112013
11.331998895533358,-19.71204793122236
-12.761495105552935,-18.471745125713994
-5.143098029339431,24.926624459318983
-2.745869670080929,-16.452274575374084
-10.832455899152546,21.856562029932206
-17.043159321406197,-4.86891934952865
-1.186717749009772,20.868459034796093
19.544085367265197,3.182443771265998
0.8893390592979976,15.606715331621649
-3.908883895186921,22.271952123871635
5.751237404365907,-15.22561516647458
-7.191479214818237,18.255535722753596
-0.654563311153269,20.522164755067326
-4.75619293000949,13.263682740858666
4.137914784889454,23.039491228048004
-16.13844041334919,11.991868996544426
13.149660490254806,-12.732728725608235
-6.544303227953528,-15.061713758473635
-10.571772000279255,8.961489131802203
-9.88747213870686,9.797771790460486
-11.447530545775543,9.346187624439587
12.550672310108306,2.4716171969048184
8.558658339061987,-11.77898649830004
-2.8666855097386605,11.29197859057156
8.176202859605247,-11.502033590693454
10.943538146061274,3.7197297740214794
17.63470033425607,11.06570331078109
9.224788277801839,-14.249003800044916
-21.278178497261003,13.140035698585585
2.637002937557401,22.84639393921062
-0.7334344474795065,-25.577806068854944
-22.863924423139306,5.051133264243729
-9.35003022805358,11.073332999869047
-15.845317351265805,13.518650119088955
11.70727315436996,-21.666202613040376
9.469111727585815,-16.127150657558854
-11.92346475993813,22.020300253294494
9.738724009111298,-16.37989697395818
-17.689424871605834,-10.025080792920505
11.783914205605742,-18.390655305114255
-1.0704959916550454,-17.28420692026309
19.281047302306476,2.6316944875113464
10.07488771495399,11.437808884637471
15.442656903490269,-1.1861665032019477
14.9976063893957,9.268228529073362
-6.193317694144066,-19.37051003429464
2.7245569693000165,20.765728596650792
17.389110299673348,9.195408665385424
-11.87021287864753,19.074093440094572
-7.529310422733835,18.148186785251067
14.026750839701531,19.34478157225388
13.13969100947319,15.727558063009802
17.688160173907402,14.501762232317606
2.3955259061137473,-18.657724122660788
5.859855915617704,22.448483848270076
-12.979078649609303,12.664824746545692
-11.104691206436186,3.462245242175845
-0.9764755265796881,16.725336269417507
-8.874222679731817,-8.19674202661477
-20.086210869569538,2.5069719307415497
-16.788531635852983,-0.02601419462720814
13.931447004960472,-4.827158119640819
2.681005417809419,-15.634531378854186
10.220424436361158,7.038687191639096
13.609270303295649,21.117208635751126
-7.9656019108211495,-12.568014320422717
-17.959448542402324,-17.457764859173544
3.1348755925549763,14.22601512923297
16.74288103777963,-14.825832601714529
-15.01354227942351,-12.128431730258235
3.3027857879850706,23.10116215718069
-17.554529136661174,-13.321915333846214
-22.512419753389967,-6.040104064028552
23.035011141819947,-5.128474721191632
-21.4142496193868,-4.495439030217609
6.434228511071832,-21.977188399659553
-3.847761601384259,19.869160692672626
-18.980000249045162,-12.155851451042901
0.016199985152182187,-20.19160987817589
-18.516033071790773,-6.613769344911096
-20.77657264098092,7.269019822567384
-20.923732846814183,6.7849159067706575
-13.156718230630213,4.032234449982715
-13.515299942391907,-6.009302652782771
-3.3824501052454665,15.671207620653206
12.150186367079655,10.370532442685482
-11.338804862227336,11.098266610346347
2.9518598730881465,16.89205971921631
-10.026388039911732,14.158679980754163
-12.964024111813995,7.558117172332405
-17.466869751744593,17.592196206482072
-14.571628342462315,15.33491561785416
22.16350646469974,-8.055478294746456
11.667731194488288,-15.549394762873924
13.74062096308457,-7.4803699077707195
19.958976582725843,6.611087520510723
12.55831835535839,-11.063956558104065
19.330473901358573,-10.164015060795531
11.513179714045009,-17.481528179609455
-19.06106539090394,9.159129556843697
-20.82444777135538,5.791649297261107
0.04092872950318577,-21.953295729445674
17.950881396803826,16.22052606778483
-24.248071381276837,-13.034069211881281
-22.099693457624024,-3.5162707307380843
-4.148035775055661,25.507077308793008
20.900815836405766,13.097421530453946
-6.463631671663663,12.868128528459076
16.965556278519546,-18.844851706602824
-9.635846415517008,12.383950643580624
23.665657494534393,10.604402298486411
-21.757176715426837,-14.978454780946183
-25.272096414100957,-6.816503692041046
-11.120660141032177,-24.65788403469268
2.888737123354096,19.406689169794667
13.165217040993685,-17.42031301941663
15.32115968397968,8.427122635931434
16.302970195036067,10.541274732176682
-19.517064491416626,-4.88214675461822
-18.744993383800367,-7.499908124351545
-19.508436829945257,-4.5483335127309745
-19.628686584188017,2.964704716914624
15.225764867962113,13.754366670766403
0.7391685805383059,23.36331834548279
-10.80845798198226,-16.05120877615479
-17.657821030556402,7.270401759016228
21.096090657300415,-8.45524569765661
-16.24863588541366,-18.0425695461501
-23.16472908346698,-9.591476049730154
20.232019497548503,-14.974983654785342
11.759248072306312,-20.815731829489355
13.903711328515026,-10.812176063676267
-11.616720063367222,-20.724220194077972
12.667052223935315,-14.346507614864933
11.786707303502569,17.41537058337558
-17.588270398046397,2.4696613426050686
17.103418637596178,-13.961185430911723
-0.16817741721148388,19.56684966783477
13.793387800384963,-12.431357466916456
-12.272253985000063,-18.44044244109789
-9.672152208662999,-14.71638068136362
22.199069409924128,-1.6478369136841928
-24.28789898571432,-0.25043489582534095
-15.249982784038211,14.787913870446026
-22.935010333611597,-4.421806289209028
19.010886109892105,-13.60616551357879
14.894357258383685,2.3581088393668304
3.0220303653795084,-18.42505880821412
-5.313950953764223,11.838840595453576
-15.144052667911991,6.024598615026925
-19.947045651162693,-11.35013277935739
-4.173249239397673,-20.01625145452888
17.959173628559054,11.305345675173104
-18.44306162110657,13.589064010492194
-17.42816930681928,0.8491913453998453
12.051656285061833,15.913382013046037
13.190485917431168,3.502625485917832
-4.270965214192872,13.762238428471425
5.591543520938254,17.417979411348412
5.083122279792188,-15.695556134913826
21.89785201934895,-1.2087690279031402
17.1879120103638,-3.2932121987198832
22.027294795690977,-3.6400457229763354
-14.234158422904649,9.293861437723262
-6.482298723977583,13.95065019359051
-19.205620626986903,-8.134984212798704
-16.27998040642543,2.1402805836965824
-20.451907049251695,0.7092416281809095
14.917933350630687,10.416080934094735
1.2455044330385092,19.35841091933453
-9.297791007626632,17.188866720973113
-12.783933955910726,-14.805294061937536
-10.016548387064631,-6.629765043696027
15.59346728177171,12.570416848683712
-10.872603309346687,6.56596142279063
16.614971085273517,10.870818345454772
0.3846714622300581,-15.931343728389248
5.59254645825576,16.4741761424534
-17.436114580708672,1.5503869971484296
5.862838651230266,16.51943891592052
-6.92411129474049,-16.733703094667955
-6.509265056991072,5.758713323436284
17.077321646765895,-2.388215943158331
-0.00039760906923864953,-11.329118785494241
19.563822384003423,16.88079221287474
-28.500515645029637,-6.386389816088833
-8.834503811280202,23.880690832919502
10.319386968870276,27.049729702405457
-16.618357387677687,4.469657766367598
-11.964218455162845,-17.22185193291583
17.032462249855833,4.251591054861393
-15.342491603657091,-15.606697352604327
-4.333969730882412,16.959177937091994
-15.787507621488054,7.015691967669824
-18.85575194306225,-2.4116364740181795
18.201308895474522,-6.769332744732467
9.194328857960679,9.635324372005618
2.787282394218686,16.428520019334986
3.7364661511938864,12.93579515354136
-15.434678139807742,5.4487401545822465
-0.2875219242335864,-23.12782515793727
9.659511348424617,-7.875471715450559
-20.80108174752155,-11.818361382132796
-6.664953032499543,-10.121054191788463
3.7254972664888943,14.103492895877954
16.24707737677753,-6.590934242465681
-9.30476922801337,11.768207770359364
4.387063700907619,17.817191250404488
19.938261773019892,-5.181575929028927
22.584161389042325,8.73616098387256
18.196861355326238,1.8392315550570877
12.427928050277568,17.22363069976922
1.4895903180395749,-16.97659281553032
13.79108432692323,2.2127305951510747
-12.328778176751841,8.705025309928317
-8.368655545347869,9.319453271984173
13.548128188965903,-0.30976180662312924
-11.264537645457072,-14.357539228853907
-14.850027132947675,-3.0673352585851545
17.026527323732207,-5.932378482077187
10.617795803722679,-12.471878454353675
-4.376190720379458,-15.516128320042574
16.65711824964127,1.6327928556296007
-16.14412997317958,0.09854201395837922
13.120581656283699,-20.494673452325564
1.495138995298097,-24.18470457082869
22.611727188310212,1.795033323743526
21.30896333091924,10.338019003895857
12.975772666297436,7.715753110079006
0.0010162184233712419,-16.72268632724176
1.2861678795435734,-18.4197500350145
18.480856216500587,5.7359454137079755
23.080798562038044,0.23890226622413974
-2.4553263225928603,19.99703962858105
18.959245553195125,-10.503168648297708
-10.695673743302935,14.34832244337249
16.605987378476556,-3.5364884535562973
-7.719385735124878,13.868302097206337
-4.505687827260943,15.469685044026253
14.910433572193337,6.187946737839287
-14.596814881922434,-1.6080677046691367
-22.09930975270513,6.232759038950668
-11.88587687286896,9.95917573311251
-5.620830589495827,-23.204007818363714
8.205176352201583,-17.456200367968005
-26.154725320280534,-4.999750826999306
7.480052421680783,-18.40908654603073
15.960906643810368,-21.284842908924777
19.278856877045335,13.351141176721391
18.976148278237105,8.389883043682419
-3.4785564766683663,-23.236385335322073
-2.4306113081654144,24.42460367555275
7.3769198864192225,-16.226056272824408
-15.712901273439464,-8.33895483136918
9.434018146773003,17.61094003434506
-13.666828823391484,-12.787471612904609
-8.352512710555445,14.094171303051866
14.607039608641818,8.61547791974631
12.628712681585608,14.07358594195088
18.44813548639767,5.212558084338346
1.7462302940771084,-17.175989134136707
18.476973141078222,-9.306216883197097
4.49643455301039,12.109745492838622
7.990240416936641,15.751663233834755
-13.32557228487729,-17.221215098558638
-18.985227940486748,14.6538359572462
-11.368946076640285,-17.285755300616295
1.4064813716585078,21.081186512058192
12.360314352299332,-14.483513563874967
-13.787367849937139,14.844070014882547
10.10246947711484,-17.272900541124354
14.262456272984236,-18.771720134515302
12.87734857766738,6.737062842550167
-6.488397992753597,-12.107131367445108
-14.882127724574081,0.8285606077422711
-15.546381697205941,3.83958598350318
-6.561140068969999,11.470539371493125
-11.948261348360154,-15.505501382095447
7.882756700448109,12.617997317661846
8.106347641385826,20.565084524587203
5.423593995161848,16.02522331020913
-10.67558934094775,-10.274017672298298
-8.144532389314602,-16.47400239853698
-8.758716217429134,-13.999733297247829
15.699477748844792,-16.643222637847852
-21.889320479374028,-2.786920146691424
1.5035154909373118,23.535877554511313
-16.623627132638607,-12.696030065976595
17.108335666500537,7.070822279108461
12.356005817000648,-8.900920325340357
16.01625360414429,12.444659260488455
3.231888551044948,19.823543820774407
-9.244914000437165,-12.88786736234622
-7.297244595418773,-18.379026176704226
-10.533933225162642,-12.305933259190903
-12.902943095713162,-14.427895395539794
-17.76122030540927,1.0258440824004589
-12.102031612625382,-18.00912210426301
18.597002266607664,14.500795945178066
14.204205079786004,-7.457011765510954
22.94595764366249,6.4070826567121015
16.85398282061386,4.777669979233006
-13.376304927087268,-11.984724678771512
10.571907532021491,15.579120913297805
16.25782114135129,7.877329240277521
7.220817894737186,18.25551570319582
-22.440695791725197,-4.700114288393395
-15.579508837947305,-20.134016039973552
-22.57218320824872,5.39440225855458
17.338075208050597,-17.61647954989844
9.892688072806273,-18.93617801000914
-16.842358391733367,-10.092674587679321
16.258011180817675,-1.5319836010306824
0.09211033818394446,18.306118193624663
13.127083948365108,11.63611621485036
7.625320936259138,16.971668168002914
-10.40643178125957,16.626150085556926
13.90896323325954,7.1039343931249315
15.159380907754198,-13.210147962115684
2.833569270427562,-15.628814310453738
9.223102606234603,19.72964156619691
-16.695724146132754,-13.46267980379279
6.401022740126957,14.767416964033886
15.636013521663209,8.595635404784424
14.035630045807945,-11.928123096204729
-5.336211084640876,15.739747940211197
8.780799426303384,-14.579551929338399
11.148939238378649,13.53925627759407
5.165248062816027,18.054746800010523
17.620971428729725,8.48069689417139
3.8826527731935654,-16.659155063317982
12.067359295690217,-17.0708675476909
17.24115190514883,16.69272681903411
3.0201913324201253,21.787083048348016
-11.390389424290365,12.368200287943136
15.147744112245775,-15.126444728902625
12.167197523715757,-12.35899272368652
15.003546558556197,-15.267443034191697
-18.507156785934768,-9.247217902496216
20.28948418912948,-6.232733224786045
-3.4690939963214222,-22.01734484834152
5.854272987147506,17.654726243919786
-22.688438806142116,-15.945027679261413
-9.73287612933825,-20.823494356236807
-25.97417138689362,4.804638725109047
-20.243611426494194,7.820896985290702
-6.001200349068506,21.150749700054526
16.63508159147329,1.4432710508272144
-16.062041619907426,12.963119665609632
-3.673949451649423,-14.937734806941824
-19.16522013147756,-0.8304065376335347
3.539597425648788,-17.667418285291358
-3.4854708200226194,-19.621405800309706
-18.056352095078253,9.283777590704576
12.199059344806221,9.34751949448737
-0.3568332507853629,-16.231346618141554
2.7003482347082084,-15.331827592935957
-2.3006451307757954,15.343970862833451
-6.560767093370266,-21.84790296079068
-22.125645966894382,-7.377717763155731
-3.039863928257695,21.56209730871342
-20.251405078341687,-6.67566491158906
8.277923302381,11.334341935976317
-2.4755616751286555,12.866640074927906
8.379272363989932,-10.843982219498299
-12.205972450995079,-1.7075497607487948
1.8810723965674478,14.628831874191386
-4.683464064355316,-17.114068681808508
19.304879671829706,-0.8216312657121404
-3.577137089753294,-20.92699813451417
-19.058312659748587,-1.1057399698494994
-20.730264123707343,-2.474065988289026
-21.189625473776953,-0.8355308090492012
14.764709964165128,-18.15514139486039
20.38595136925365,-3.0122914972539374
19.579711992706482,5.687337121549811
16.0904086375287,14.519867014190627
7.325804221179122,19.287941730840426
16.379454454012084,2.154281558834903
-8.972299273359608,-13.134546026678876
17.033600160394972,2.4983653999568856
-15.074868458601749,8.085484088082714
-9.947851055864255,19.832184908744704
19.110608238119156,-8.25454289863624
22.209020408668643,0.9581025801021081
-6.639283026052925,-19.138736867941976
-16.813970895952536,8.258572188134806
-12.904931553559797,3.223032992641152
-1.0005542695934708,-18.22428765104776
3.745976509991283,11.531013123609002
7.3578159850087,-15.415502757425456
-16.25793594299852,17.190852481765816
-9.504878385792662,10.941678355787902
-11.661020336267503,18.79240877616048
-10.116418993588534,-4.525884431580238
-10.271294544801673,3.701618442949641
-10.461742467798794,2.510316604390002
3.158762207975108,-10.987137951531164
4.015015440559239,18.180767500707773
10.002315831270389,19.626550839284583
-15.678734563157539,-1.4819793902128795
-12.53722078490298,15.319214897519094
9.68213360006796,-19.306348011137626
9.433702139579301,20.674310674935764
9.594502375778418,-17.552460994157506
14.573938128254143,16.737745353595322
25.137051764968913,-1.221081911388607
-11.103155804354262,-20.424277610103548
-5.635211890499054,23.568732319005203
-10.307709974075902,-19.716430528288015
-20.65816910511076,-6.143324198677689
-7.038504653264813,-15.574308695828563
-19.815626503974414,8.410165584654894
-7.804402159065398,-15.063335769474842
-2.136168985878429,-19.155349475200982
11.32753428699391,-11.038860982791311
-3.5963328367831373,19.3868926188638
-9.04927026139399,14.396293636370672
10.303105916170805,11.256313575126265
-0.13394937353399244,13.088064050864618
12.139234798881501,11.65360012079531
-2.331286106971453,-13.850137327454913
4.530640678792182,21.414362369978118
13.58014138845132,12.193596075473405
-21.741962618625298,1.475430299120679
-16.019587349874605,-0.9769546232337789
-8.05582541245367,20.1361455168178
-5.132703495132276,22.919459194550484
-11.908632150725522,16.457956184278864
-7.6174627286741305,22.232677359310113
-2.5466727665885114,17.142456696134154
-7.929459997613286,-18.87912473009806
9.802400727316398,14.997483069600381
-20.005246860586713,-9.554537701224053
-13.839043734862706,11.447985611361199
16.704943627355725,-8.125235479507195
-8.923566036348356,17.272307699867408
-17.14068842590292,7.228372526948904
8.511713488845302,-23.231113563230895
-5.965182114689969,18.781070298058808
-3.5961603913026225,-25.393243245689874
-17.981744078238325,-11.269383073779784
5.68706498629657,-11.785179693264126
-13.702987727641322,-1.5468792799065587
-12.172719171846676,-0.5695151431997421
14.307700600475995,0.9127425448593741
-12.20244002648631,17.93489659391713
-11.53232965373239,14.741256137695219
18.092423942059067,12.368507172541786
6.419469678147061,-17.62878872076264
-1.939768864443788,-16.999581186763738
-3.4873065754555483,-15.322163595128485
-9.79011850596851,-11.139025223723854
-12.135403563650748,1.032959822207313
-20.22886530808874,-0.0013409442407070712
-3.1629241445424774,15.972110608110738
-10.933178164491242,18.35292211045656
-15.35764834298401,7.637847207017171
11.957961152502405,-3.0464445380497325
-4.970153811296687,-23.932689154452948
6.389492721093756,10.24991332501586
-14.866015858813682,19.77575705936748
-24.056933707384392,-7.438974494173825
8.418958261656192,25.285759964357073
-7.153213135255632,25.38954437406881
13.693573582198455,21.02786918196509
-20.30637242902744,11.934816315781909
-23.76543610218477,-2.493866418720444
1.3602425787072254,-24.904071027230057
15.20099495920081,-18.059393854076465
-17.534647213484572,-16.061117767465614
13.980157057469436,-8.852860263240624
9.939243558961726,22.04559746554164
7.143526366488227,17.94725690857157
-17.34429102411748,5.56103923539095
-0.2609661299651958,-15.553021947001074
20.96351724257578,-1.5061776103924782
18.97005008872652,-3.2675059814169654
2.1908395134477394,-18.654791467221997
9.226842024094852,-22.47457824660688
14.804700169827754,-14.101976295329555
-25.714815264243388,-2.5815881005423797
-18.203601086373943,11.846472746639636
-17.070750885718862,9.133335204367668
15.730722608158485,16.5097034644207
19.095603232864075,4.524959320128237
-19.942970910511637,4.358807547543908
11.478343692889757,-3.925437820818569
16.930659477376626,-11.75646627738818
-11.33516313095434,-3.198013812162102
-10.670623423827347,-7.12582964653346
2.381389454094888,-16.969217561034238
9.055954707914447,-10.140874195608268
8.60719663632966,14.414545226111423
-9.051748305266376,-19.711458389242573
17.986263679503235,-11.588213874099111
-15.699079431365929,13.485105341501843
-9.712312606520802,17.40900396631086
8.010632478135046,-19.010912416589203
12.108809508272103,-23.838391361114077
9.222236398527194,-12.56979533755236
12.696339175442898,20.01699109057387
14.595824919213241,-1.1557470709671096
-10.878384255701878,8.525677783389192
6.35816671677961,12.138631453746955
1.6250810179241426,12.084940896698466
20.142702982217553,-7.704440857816015
19.651603092188488,-1.678299818274478
12.428188168912802,-17.665057352121813
17.703495900945402,-10.024144246677675
9.518312444783362,-20.0625243086245
11.904197700561479,-17.10981075174998
-1.7720347313639908,-22.690400674300808
8.193470950505683,-21.70605355600182
15.400662856085194,-3.4540167452379307
3.7224090724752417,-13.576468527522906
12.185955712774199,-11.050839391869836
13.82210639315386,0.6394535853170187
-20.224399183462896,6.991098121817774
0.7098012018299942,21.642444551261494
4.658343030117329,-22.060908709025636
10.117827857263574,20.20747788557172
5.7746107763000065,-20.024942738446494
-9.39771057630246,6.777381529549158
22.14801023644534,2.8915890951275696
-6.194471152353112,-12.871147342013705
-15.555599109787183,2.822120457935541
-16.577605327953286,16.029315597897273
19.14760116646953,-6.288377273717308
-11.736467363345069,-21.774280482125814
-18.298518341080413,-11.638864199599178
13.0439096531825,8.526777901028233
-7.164849085468828,20.713202969598044
14.687125851355352,6.17067587502189
10.038536246096454,-14.277184800677068
-19.69309952102218,5.554416835701023
-12.714404916463813,-10.445586554164338
0.6936805891711608,20.93968220886653
0.4726102489914294,25.790399264824778
-16.420269747397338,19.13274879030199
-0.9621354250256545,24.77635369301869
-18.430393593681565,17.672810893898504
-4.211830251759721,-14.671653119166836
-19.558433556916963,10.525017668873344
7.4565058671100894,-12.044568201588689
13.789877273129193,-18.780969645095954
5.228375659417999,14.803905416627249
17.631334792732616,-9.508389394245409
-3.3430896707715436,-17.147276534893
23.08136238828672,-1.4279305760061802
-12.913765008133057,8.992185559217546
9.532133369572367,-13.958039263368645
-9.867574277801236,9.558858511184999
15.177108751269705,3.9398495563828044
12.291213922103054,-0.09276838236224538
13.57874268985002,-5.522973626355377
-5.382695003698789,-11.361157547729205
13.680701228186871,5.104895974400422
21.86172556968132,-1.9274085940116024
-15.562231468627363,20.080878273662304
14.578368871209639,14.814375458867618
-13.473701068018865,20.08585696062939
-14.396612022737365,13.452230800171195
-20.451690664221715,-10.325621581874609
19.258295611748515,-8.788426909344947
13.4260160654564,-17.571965065150067
-18.1104052136372,1.086785427721935
-17.752320215652958,-14.270613723190959
18.595008844101333,7.003342876206463
8.10060710264678,22.120186374336697
-17.707411360193657,-13.452415383131711
18.67892526446822,-1.2201186193658784
22.337049003418493,2.7296744056948694
15.844701969688339,-4.988508227384697
-13.103883901068032,18.37206708579016
11.254873861265164,-19.482994458845887
20.972719472123146,10.11139755822047
21.165481515221476,-6.655209320155435
-24.675081954144357,-4.885458848317811
-18.120786568941863,-3.316831277384868
-23.677761702803867,10.735114276940068
-12.040659963538547,-12.16545825259101
2.9129582750893777,-21.614667295755467
-15.937914924199958,-0.5747916347546789
-20.358856433773568,0.20665362914188984
11.813845170985822,-5.517535147755661
19.29936600258303,-11.753190646464535
15.53461349721151,17.460371264300548
22.337248283486925,4.527316900961837
18.78740924059818,14.111330933364956
10.184186931766044,11.174126758998947
-10.842248363578957,13.624896656281495
-10.593269523896836,5.3612087252571134
-1.1873369482049816,15.959181798936212
-13.038332865288236,-5.206391338651082
9.05980174486637,-8.116836242153951
6.433901327172083,-10.988660624151793
-2.6878694111624872,-11.152052925386588
21.74541403799109,-8.438969732829312
-24.606762698101175,1.0140923984131085
4.7479259167970325,25.292303576206216
-14.176330420781886,22.745991987267903
5.2328979692669195,12.07636489134068
3.9191435876203657,-15.550027185547389
10.489031006287762,10.457249829914158
-15.899835842813205,-2.624426244745605
-21.486561452749772,2.845986807471121
-1.5082773838024242,-20.117723754970722
6.565873276549469,-21.17354972807947
-14.874800138887137,-12.186805669971863
16.623136188600675,-7.133263874342153
16.00821686931969,-2.8361086387903196
6.769922011911357,17.766817601532836
17.117605794756727,6.089894660969908
6.931156613445927,-10.159521775676543
-18.602314088640767,-5.886938267026193
-1.1941798344374948,-11.46251128477464
12.217840160407317,13.09804342799747
-15.418181211351365,6.545607966409301
-9.568818528558257,-12.588849703774715
-11.913180252302698,-12.01812260741484
-14.093962243359485,-7.792811446159737
7.672572728591975,20.44818481895981
20.348945442408603,-9.126083071999382
20.851656828509793,12.2198025903539
6.142822335369913,-22.91546236123295
-17.122985419608092,4.1294725044941165
21.46102489582238,-0.4881024594811668
6.526426992816725,-17.26706916465235
-21.463986242558544,-8.757639700557048
-17.40289068721314,3.4571086886851665
12.094211956573496,-4.90495097452464
19.749832879558486,1.7971882656943312
-13.726821743580917,-5.623653761935462
6.7336009929535035,-21.93894392171668
-14.55142642438705,9.51459109747154
8.266648220614993,-21.039355043665672
-13.708526369472406,10.03036485814306
13.865533230117927,-11.443940544017373
-14.663147872589695,-0.2511575137820455
15.319051246120296,-12.076371138151417
10.65211110209452,-10.859424652436065
-3.9449758121165073,-13.038121352696109
13.532619029292821,-9.541903786916949
16.39823429139358,-4.429233321869118
19.20705063903072,-2.150241455967768
-19.07756224274063,-5.073630450668807
-6.656969601275242,-17.434876124886667
-5.784032732613096,-18.645106563874677
-6.381263398724626,16.227717307573936
14.768943383246732,-4.43383729770669
-9.491750281932394,-6.891969409180884
2.8681465500660024,-16.868307818321554
10.846419139947319,5.04138011397475
-13.528991998972367,-9.351557119985179
-0.7528790356000405,15.919417393068937
-4.950632893790949,17.205656456754703
-16.529065913857742,7.49588257496627
-3.6680071629955093,9.718713225737131
11.305702123625851,3.096793462634591
2.722550929189732,12.55972748485341
12.783667972634223,3.844663931630103
-11.800416886149412,-7.008362946442877
-12.322728771651914,4.744599907477443
-5.957005079695783,-16.365092017723157
16.01423138492585,-4.934087271280884
19.274838879652386,9.587253832565839
13.401215040504818,7.337538583270903
9.251137040589246,-20.357711438269487
17.217829812521604,6.641660755741511
15.113569191911298,-6.16706393647255
-20.105825943050576,-1.8465212879821502
-0.3370229238346901,18.04812356375299
18.61476808858808,-2.404558926065686
-13.910367406560031,-4.446559014086791
-5.174200998375052,-17.812403088252857
-17.358044589170074,-7.753840335625228
-15.689877623576418,-4.766031982076677
-15.905862648783406,-10.761680019569841
-19.735748183345425,7.358311449398755
22.655617176171873,-12.20775752349715
-15.442219324910077,-17.21751898623613
-14.030231291863846,-19.177662422281333
11.094609050137889,-12.878099965032224
-18.7394447427078,8.567318192123151
14.762758430761199,-16.070165957072913
3.5705888351826767,16.239264030305023
0.38789526948388575,18.435526375936796
-10.016299546881825,-17.959548835911882
14.495903957866714,-7.106910008427
7.978325837035971,9.816303137241231
-15.609752347881175,14.239051655290625
10.266793373576162,8.791037041492597
-14.410801213427682,17.040868618927174
-9.761121595249435,-11.735927633848965
12.585339874104042,-10.200655430753663
-6.706696252367823,-18.49984480308986
4.798464364285627,19.133705679434165
-17.50135976892207,-5.549981291025235
13.06485245414024,13.23264139211966
-20.223557368316946,-15.037964388167563
9.370802126412439,-20.410102288586113
-2.9612944997361157,12.10605340940661
7.045469172378083,-19.282009034827766
1.4406515137035532,-17.649594475315133
-0.7938391601188826,15.097335547896117
1.4508366119818976,18.90875758362754
15.53831701647129,-5.665031576747128
11.514334974381336,13.95278305601525
14.175494367762417,15.27453326185674
7.099203508570378,12.79659007146439
-6.877033208206976,17.200770274583643
-0.6589078631754699,-21.824137704139012
-0.29990232113448845,-22.773959563112076
20.186398478648847,-11.618177347754758
-20.788645987999978,-2.7028061237819987
-11.182267569828275,20.806309130676357
15.12804063772451,16.649245138281124
17.567209075918324,-13.862146456914205
-16.077040502844465,7.41837622399695
14.010886934527148,17.60217456411074
10.500597479578975,-16.608528211632898
6.591614549748224,20.276495189071355
13.420465850185993,16.147299655037997
-7.977400612574077,-8.521045703197585
10.024514480737423,-4.358392232249228
-2.656860600340793,12.234123412288259
-5.232676716626918,10.081948064948884
7.668176760140306,12.748864791600546
17.348884755090406,-0.009681853335178384
16.761303752989132,-1.6127668806819155
-7.304539740037397,16.506315893672966
-1.3697851726451757,16.96322564803212
-2.17540816810291,-20.939686962419096
-5.611641970795824,21.229084852966796
-21.938801981388885,-9.531374910800903
-8.733904835828818,13.197609394988035
-10.723524905572141,18.778087811450522
13.726120637705225,-1.650402036308701
-0.2262213517413055,21.23783575584158
-8.674208119657175,-17.27328957677662
19.68876500969285,10.577613789201344
-8.485373102760319,-19.98078897903966
-24.535195641067936,3.336062750753824
-15.103294125718104,-9.736835673030283
-3.1505349969719676,-21.140137501423432
21.745618948760953,-13.797561533879792
19.041564712329237,-18.89200843969141
12.40504340227171,-7.453792566745595
-7.607355293186898,-8.943247976757425
19.56479103672391,-5.740481352995087
20.16094808012412,8.049703614728795
-5.73095041426694,-19.360196423039017
5.272319864347416,21.504455328796638
-11.264538508212901,-0.799948857267541
-19.540514175400258,-4.194100531692042
13.227601240161826,0.7182440859871674
-5.104841430942517,-20.885082928126614
4.224768029370777,20.97229323311772
10.911844602523807,-10.121827469187403
-1.812552279241768,-12.92640345587562
-17.303030181030703,-10.764426722805052
-5.458784342825568,-13.960326920551488
8.175690230958464,19.838621819218694
-10.179560804072484,20.53332481689538
-13.708745354821572,15.823986291796523
15.754255541683928,-2.8079230894856684
-16.231351902513502,-2.841526379386147
-13.611445641410434,2.7832407364727847
-1.5237135811861706,13.713879357218902
-1.7661889328412796,-14.326912895053136
10.089704045060863,12.881887409080626
-6.30469379892063,-10.964819133765198
10.812147087004416,6.162050511585088
-12.318459491546196,9.327434414578054
14.027777920097806,-2.512536354006689
15.285127348587146,-13.16054465381826
-3.5611945958532782,-14.139583261824558
15.620905124436074,-11.85070600640098
-5.107019250120694,-11.84587017776322
-12.275839778961473,-1.2679645531583172
13.966551669737575,-4.145971673533364
1.7721685218887657,12.818436150279577
12.274568718708302,-9.550331968131351
-19.811922688398926,4.675664863530752
-18.442473021129857,8.157546032062985
12.822369350039404,-2.7564466171606146
-1.5679510814352213,-16.03731524356247
0.5697610979631121,15.702292695904735
0.414180467308723,17.621055422363337
17.296460221373085,-2.7313500664273462
22.181377219718346,4.21944639506709
18.10441333657493,-4.194339465619016
12.959205227265299,20.184382144938787
-0.7786020032657285,-20.710196493601057
2.6762663065381305,-21.12489609106857
-18.6591878271007,-13.002511382232177
18.53809068256742,-13.068518115329958
-3.7411272542830525,-18.503426210448534
2.0572629338646293,-20.40373847465424
-15.77823266317533,10.494219375853207
-5.543060794836273,-20.864628956065808
-2.625983120220822,16.46522159215558
7.1758392487415446,11.431740957540114
-11.621999879552066,11.589087677259219
-9.529896308012763,-16.887660927401686
-10.478510538414163,-14.669381121934848
-18.01406550511605,2.318487766990122
5.262641194623854,-9.959041582504234
-9.098792876793226,20.82086459561418
9.21083015693253,7.299195719909848
22.50269513496927,6.111618830073469
-12.992487352790397,-3.5875173362175015
-16.85677842797347,-2.608928664188202
18.878051036358226,11.218178818394497
13.157002847360909,-0.5640494797801248
1.0684288705815483,12.657617948825749
10.164134522005023,-2.2203101041622513
10.859636790546716,6.638399893470277
7.527101374821221,8.066312571295983
12.175502728289366,-7.77001718101733
0.2394787516620743,14.289020021454926
-20.2518810256699,-7.058434594595916
-4.106824925030017,23.437569398499924
