-4.592106611430029,6.0493185797290545
-6.846693591720029,-2.290336717242667
1.980762832870071,4.147391791449286
0.6227724311861474,3.6466663408955333
8.940151732947193,-5.914141034067136
12.654591668507255,-1.9063035520510314
9.397391823901179,-5.817683333335908
-13.339288511427304,-4.167723584860898
-0.9100583750803457,-3.2210239143364436
-2.5225708149802712,0.12163403897085018
5.734868894445174,-1.2210602138476838
5.682365864885733,-1.7003309710091608
0.7556939018601747,6.2667292964610954
0.9245215160247974,-5.735955335701861
-4.312568799001373,5.560503295688251
4.894273242891887,6.929824488652632
-8.313247653126895,-3.1924809358945128
4.019989343248807,8.468032343802227
-0.945041852650054,-11.438524904342492
-7.247307273513709,7.770097709638031
8.412994743020066,-4.602693689698895
2.807399472011762,6.455506094683863
-3.0076551141472265,-9.631352304755827
4.374845488471349,6.089684464047653
0.019641969829728406,-0.13503034739393066
-1.4703185934911056,2.6927076907041627
-2.4896991169715093,4.94223949469644
-2.784666700241332,-3.2288503193314924
1.5381686556188645,-7.175677395391274
2.4714933922799522,-0.7357300333873789
3.8457321462334364,-1.9473759831445983
2.5802286466445663,-0.05475621539247913
1.1322255887006094,2.4148295676591305
-2.9277437551586516,-4.362806780880215
4.1306436414497005,-6.420924837508068
-3.707634391266672,0.12703174973133455
8.194388034833686,3.665733223459736
-0.7793889951439068,-4.171288765972747
7.113449493831837,-5.189266380404416
-0.9971999534838155,0.45354601656432864
1.6028363522178244,-2.7008870225250314
-2.9817555502738564,-12.218189875801864
-4.2215561924568235,-0.8460229899327938
5.317525847038414,-5.920543594579718
-6.707089283446212,-4.362782317837751
-1.28813007339437,5.505278594981433
-2.5746646507570192,-0.8999651666125452
9.612591261597993,3.290522342245799
-4.240882382199945,6.624446383563715
1.4275760421570813,7.303028033522992
-9.378081433501112,4.438434828927211
-9.465163693423552,-5.079972835657395
5.742318232228976,0.46618224630421723
1.5986187941384633,0.9641756658135877
-3.5444226173226587,4.8329419040853985
3.504059730687998,3.200317627349891
3.393481281896549,1.7359267382369103
8.54617153277097,-1.742963471698662
-0.6150639871189321,8.432076912121104
-5.459575438270115,-9.168645426421438
1.8173952488513214,7.121922688855326
-6.132905087862198,-4.302686399989251
-3.7175143695054516,3.670658381175609
7.682356976852076,-4.98335832841372
2.671820618913741,-4.222285709584143
-5.144454180057801,2.100506661025145
1.474503095830851,7.049477246750926
-6.47690414791571,-3.2371799613562406
6.672974457924365,-2.208856930636476
-0.38427800308030646,1.0472811772951924
4.14057213323506,6.995808656010511
-0.0933082142592637,-2.064857469825865
1.8479489834283147,-7.248786021139003
8.637624656598787,0.7816650209737734
-2.3488075138221394,-6.059891898168574
-7.171963515509961,6.090243487611097
4.39959482391963,1.8121129344654328
1.1590817472648676,-10.545256877211454
0.33935417512675703,-2.387795349102876
-0.503258136085214,-0.5262406618455933
3.3483168597174595,1.4254907211086503
0.6023204254828842,-3.338856884536095
1.427533832020185,9.730888345525747
2.3187050344954305,10.801407177434617
-8.342211138014022,-2.3082204993779487
11.493639246066868,1.2864892552266654
-10.986242391631318,-1.953155187760405
-6.263572015775791,-4.0970786759239415
5.85520084981555,-8.44685283759278
0.9377370993380597,-2.723039233732878
-5.200857565402673,-3.4693862179716928
2.0340873377475313,-1.3266066505015204
0.07571181460016874,-5.451442075143254
-2.585576580974992,-2.804909210120631
-1.4980428004074429,-1.7398518947501829
2.5249149717886112,4.980369418977229
5.073958111598898,0.9185802997768169
-5.097332813304434,2.604384769488469
-1.4681078924139095,-6.3770772371050715
-2.7155841755472667,-1.394533220716979
1.8017707634073945,-6.298361442341075
0.326409160626852,-7.636826918252208
4.88431139738624,7.44867343179857
4.262885766189102,2.9570543941090075
2.295644920329139,2.3163455805413977
3.066945497117124,-4.979079844923136
-4.736978051262033,3.1030856164178857
-6.73443685520998,2.8492546246779713
-1.704066413643518,-0.2835141007601311
1.733798036647993,4.376848134984258
6.026939255718173,-1.810495199507907
9.89012095575557,-8.498364292829319
6.608015626603396,-4.206141989177717
5.101194466285227,12.520762793095493
-1.6301893673151189,8.88265532517405
-6.607236788789505,1.9992697911644324
1.2924107671018161,0.6631560734913267
-6.555410919182912,2.4617051192114534
1.7769469820721147,-10.713221607347204
5.158087000410889,-9.603673794557103
5.705660145761128,-6.736307901507937
2.563581920676395,-8.667671868336056
1.2772578540839368,-1.2346742825999921
-5.426565916718614,-5.645938713252047
0.22654522068112973,-0.18750607349394485
-4.242257693252162,4.758461514124324
-5.3579279615743856,-1.3190087820444334
1.4359618094044555,8.199421850836707
-5.576184441021174,-0.7700285788061624
-11.567784460874176,0.1104156782027252
-3.8769218303177166,-6.654597469131242
-11.757600552845142,4.717648065225742
5.392749001509493,2.2905818059691674
0.9131596200025915,0.27350675913297606
-8.410608293608943,-6.321543060153948
0.2233487873967927,-0.8817450307922754
6.995658267999188,4.319954186482995
3.4938894031566154,4.313798598024811
6.217902254740051,6.519663447631992
-1.1491366959225362,1.8659934438450407
3.288800796320461,2.670132825931511
-0.6648422781810069,2.28578955140232
2.1057174578262683,3.094423352466746
-3.3912408620449184,-0.1297693804274996
-5.227296352673426,-2.513444654186359
-1.9737088235969213,-1.5965973871411014
-3.13778574118055,5.16346797580301
-1.6334233071347668,-6.688483020165758
-7.716349963804955,-7.419571536444767
-2.492368398097636,2.3684440765049795
6.785972510058226,-4.054354317987353
0.3696285349985717,-1.393103501753645
0.25658752087856995,6.768748754153531
-0.18522294904873673,-0.4960634672682681
-2.6959183426406024,-0.015184678959949722
-8.746723692158628,0.1501138379401731
-1.8705226350271806,0.1791529670295654
-0.9972596030624391,8.389266691357227
7.804225644194188,-7.777448234794794
-2.7894234141876497,8.41476315674035
-0.6081681227953869,0.018341864842608684
-0.8796531431374975,-0.3361446729936667
-0.03530467784325796,-0.013237751394380643
0.9891530768139762,-1.0136252969508517
0.15911810697809714,-4.60678384857866
5.239988741683799,4.826099358059959
2.601144213263965,2.4915328144343007
-1.1975129641915796,-1.2505011043742407
-1.1695563041486163,0.48443049426607004
-6.8665534218599396,0.5177063947969386
-2.3467789746198138,-3.220790942159167
2.0319772718937514,5.059323174441048
2.7586454171293378,6.068799192590256
-12.220973185863665,2.9874701357296534
3.5010776646869153,4.742363687591696
6.875729896781165,-1.4848266470350873
1.3483725343976176,-2.9091048466368212
-2.331821634448655,1.1007167325770901
-4.6021777488812825,-4.822692621476038
0.593961605839123,0.8185156087570098
0.037892225781647644,-0.059617429186950184
2.9589847651383767,3.1492354387368366
-5.108387916721809,-4.514205778871952
0.10680897137307306,-0.019616372070922258
-4.318101250242989,-9.007695912214164
-4.768235452602516,2.354298766769332
3.0337861279243565,-2.035096790969125
1.8629233935846472,-4.763795780624515
0.15071953669718177,0.10689709403138116
0.5619212385798141,-5.742048312078701
-1.5549748723271624,4.5723022328617
-3.609248868132937,1.5426697954690314
0.6716422704181585,0.3617681570536036
0.898584006669656,0.742985534197198
2.7684339504457403,1.0430778037286712
1.4776663668032448,2.7188806443658744
-1.2831081745428314,-0.43234293619965664
1.0973817732040805,-6.128111781634107
1.7742196229454423,8.128896081256299
-5.610073311015365,-4.538154533308532
8.465607898979046,1.665477619291183
-4.731648331640601,6.881960848513678
7.960529162683626,-2.622094839171981
-4.678401623957097,-2.487188123582137
-4.400336889086162,3.1000521183078695
-3.4561823300136956,-6.863277956684406
2.0062568101712497,1.2878484767176341
-6.733646132458076,0.7009342413782038
5.1610489377372035,4.846188138778127
3.2061685083207365,-3.7108623611230103
6.8635844046891705,-7.79796328115841
-3.9498218800735114,5.852077103941327
-3.2590670990700827,-5.781806188732413
4.920492218639863,-7.645186240294759
-9.626033851175794,-0.06705424530815793
4.456515982134672,-4.540591014918557
-3.1760964066639175,-5.190919155548072
1.8393008709383245,-1.0712674762881595
1.5575742098370218,8.770467445897287
-2.9953434060386224,1.1027518135514054
0.8376922970206692,-1.0298259230216724
8.700086766099956,-1.1017718687287112
4.851110467701949,-2.122984304648911
-0.6792899348835826,2.99264867600973
-5.757060567918909,2.047472305985001
6.1763560208611965,4.891737852274214
-0.6599811365714049,6.484061772533482
-1.012230368624672,-3.0770964410217814
1.376711374285809,-6.822738354078412
7.0111824349222545,1.257241155364283
-0.3005641542508447,-2.163521637775791
-4.652352899134573,-7.408676000748863
-9.770993527762947,-0.6617409001005369
10.294440560042128,-2.1096767780128993
6.298355315988635,-7.596194753892579
2.9623495561532427,-0.03303996993607583
6.451729053600283,1.2199310597760002
-5.2373953159144815,7.970273744583236
3.8843013639192256,-8.110194192882185
-2.24950501464009,-1.653092154188119
-6.078234581004785,-7.545169800136356
6.135368045450378,-5.285920868297434
-1.7659649662581005,1.4979289386444266
1.0225159706493832,1.0926137418504671
8.310423744536044,2.217324661778533
4.266968516125163,-10.055758656529335
-5.987785191335477,5.876310707884774
-0.4273412237652284,-5.709950907268574
-0.8439447860448855,-1.8267889951161103
-7.65293995907122,-1.2257447472682752
2.718600007768152,5.277874427795099
3.13399192311648,-1.7646769583181203
1.9121947179427865,3.624271780473922
-5.126781973283407,4.0980312158975405
2.845725568146427,-1.5223792853967897
3.8334771665520098,2.6737831600143593
2.7198275114048625,8.5235269859664
3.7054610680570454,-4.21754197125487
3.204677391295171,-6.654697401538364
3.812238107179043,3.1519179397194637
4.401923568568479,-5.044838184707202
-6.867507136473458,-0.361863783073958
-4.149484170577,4.089428885900492
-0.7865016087318598,-0.08446498455488576
0.3798180222550021,-0.15919607424039417
-5.126055437325827,-2.9041793742381596
-2.402596035431162,-0.952557743871588
2.6909530664381354,-2.0973528741338985
0.5451892060914704,2.042273428140344
-2.2236049353906187,1.4693269247039866
4.982371108105885,0.3720885326794373
-1.9751448556444793,-6.099965064776045
7.86890419271867,-3.4269886500491977
0.5216123889392218,-0.46888937167984945
-1.548406708811528,10.288955732114385
2.350240237068868,-4.404157416847814
-7.082281174986464,6.8850818088486285
-1.447447612363113,-9.716742754362015
11.16818507128027,1.740835663555198
-3.769905414231733,-10.935429555243546
9.044351711733091,2.0750704175412036
2.387117441659718,-13.09749865958945
1.4430411426469503,-12.863468527833296
7.059015275106543,-6.734599591162295
-4.032870265367542,-3.6744073891308777
4.136178556523789,2.6555527026504087
8.458260626628938,-8.08151073700667
-11.613218359315372,-3.4658047637917684
-7.608405512139346,-5.321695970993191
-1.6857221791547294,-4.611783401493662
2.3370710865920516,-3.496873364865638
-3.074134155418623,-2.149425059927353
-3.754710609547061,-0.40443329763753305
-2.6224072920888655,-1.8590191492670565
-0.6006051257333008,-1.8544676096318722
-4.309710288520598,-0.5111094584516305
3.461738051782421,6.982008787890579
6.331974767909558,-1.0184508979812812
1.1557568821236968,0.23933038771504422
6.498987182224932,-1.0943538918708995
3.2115190231015314,-0.4198440341334987
5.486254669219903,1.3987615783161178
-0.3386195541029961,3.1150786214215187
-3.2498233046085474,-7.7152106613492135
-4.886224563395782,-0.02467492476623602
-6.821212441770202,-6.549144497733363
4.230755171920206,1.520011519399368
-0.023150296013503067,4.549925465918441
-4.760716732438126,1.28714054016179
1.9670026095006452,5.866143381839684
8.105265547382714,-0.4983651391703686
-3.20870701905167,5.056672035689309
0.05655141870859866,-7.0577965979358925
-8.23952094081857,0.9342224442834922
7.253052645448825,-1.862994655984668
3.461428691786127,-2.3853195416798507
-0.7452339538255067,0.3485078251129783
-6.276351218301611,2.649180340411871
-6.192837156546014,6.643594929458366
-4.614200393729261,5.167388206738737
-1.6684471157019332,-4.946950572417719
-7.646748083101307,-8.410870632561732
-3.3391794968424575,9.882108801833539
-4.691976701406505,-3.946446833640857
0.27439471092945467,-6.97594134074421
-4.532797695604093,1.5908061479751698
-4.016705129930882,-11.155757405853404
-5.591031985112723,1.146119957434482
-3.3209361748686126,1.5767301169209533
0.8751115231273435,6.521950303430256
-2.9381727775865993,4.199284576959463
-4.621238174444129,-7.849593902349913
-2.0968354281705817,0.17028418166086554
2.227638434280602,6.811573082933079
6.0755448693945215,1.1246266945014787
3.829340305185808,-1.0752248408561362
1.3524214961720862,-7.3634876078365545
-1.647471023957867,-10.466468508178497
-6.123790074755422,-2.1286980744318424
0.4405740369259721,0.129108772736447
4.422355755799161,-4.066442431064145
-4.172936492120436,0.4595043680319194
4.740735178944456,0.055041421961099374
6.878523560330558,0.2657784438698108
5.03846701536026,3.7919212356282026
2.2498307544597482,-5.8216532103138645
-1.9331370766621971,7.283182005601104
2.030036788925702,-5.789915309909688
-5.6697666864719505,-4.903174706900578
5.008320917274918,1.5765708263399876
-8.309694563221257,4.4489596036013594
-7.123156172034853,-2.026046029715521
1.3509727701899141,-0.1007024492222994
5.076059468814512,-5.669798692223986
0.08332660240781081,0.27286465634688434
-1.4090812134267336,3.446828550742526
-0.8725787201618771,2.555614510898317
-4.189663933119766,0.20077356701667023
4.407806140852593,9.100676983304384
0.935123154276293,-9.297104642281438
0.2459526441639344,-0.473102160330456
-1.0035614179237549,-2.0249326473738707
5.072717644824365,3.350715790399821
-14.186763666984598,1.5726279120618556
3.334177601675774,-0.23503889578516632
-0.3846800586045919,-1.634100538422651
1.6550935628336068,0.2912901488775356
-7.636119933935902,1.2543010777848174
-7.413740703825967,-5.3968917633838265
-0.6725085550783128,-0.3192192134555656
-5.644080958681995,4.736831533859582
7.093016648109982,-0.6348955298579088
-0.320599855642887,-0.08215652124439027
6.573698181787919,-1.238224589693923
7.00558168055929,5.928350733041078
8.073683761479458,2.683589955644035
-7.013005827173642,8.954097610933088
-0.42539350287589206,0.2304145061605709
-3.846871402190318,-2.9295915997435444
6.208213392000867,0.008844120859351288
-0.935404218203538,5.617646214539359
-2.676633026113702,-2.9202831982435042
-9.581846075090143,-2.3085571752546357
-10.080272835568666,-1.4197144805695927
6.5496594587387,8.369108325097297
-0.5874334157161719,11.873181376954618
-2.467513437679493,2.8855511246806578
-1.4245297005845075,-2.8476691562088035
-3.2312036222520195,1.031678792716156
2.513132394145522,-7.3751016070268225
6.944336755996061,-10.30438459578685
6.681210192505239,3.6796441757351332
12.184614213417413,2.058406041089412
-6.03581934252116,-1.656409175491982
-5.779899919522591,-1.1055070585508264
0.24992488465745424,-0.08695248260958999
0.6207783358047808,5.218825570870444
5.1937672848906615,-2.0736716707430003
-0.20439577529894742,0.38501381860233075
5.359901055007107,0.9149525476877346
-2.13496844618268,5.71580733536657
-1.0909027530464077,-0.19988581529884122
0.5250149042940881,-0.7996669320160785
-4.07889386365663,2.5286754747084563
0.2461024848540282,0.30832213934052677
-8.49545285934903,2.617140388059776
6.417806281640163,4.955316356569943
0.21127094406927052,2.940424424637553
-3.20935723687733,-1.267643836126997
-3.490766022229727,2.093380356394643
0.7229336023417382,0.8036946004827791
-2.0104748703465694,-3.4198923171272635
-2.3823430074420657,0.9006455410860179
-0.8822423902666207,-0.6301801144959631
0.6098792409273863,-0.3356437401287496
-1.2662891654727328,0.9431932411174739
7.468299388497542,1.680660266308816
-7.17654603807766,-0.7326498930818244
0.9528597603079692,-3.9097375795547418
11.508296760060993,3.939744876223539
3.6231663148136284,-3.8712968464860635
2.4395284679194176,-2.998032366097873
-3.838622507592126,0.7135113111781436
3.5575804851095856,0.9853685498323804
3.7939949997775515,-3.3994579578116517
-4.3640153971814115,-6.592488933490369
9.155661152500356,0.9703709179691735
-4.0976276283272215,-6.930794829903025
7.924891447244288,7.724589560886642
-10.983136254493372,7.769883652555041
-7.915004252697566,2.0852035848394896
-3.9269773936742634,4.325622930472108
-0.6010416120585902,-3.2137389312196882
1.8057965234022166,-5.2969131506822
1.4718333579164702,1.678469256704413
9.726801929957295,1.2392003264061702
-3.2645645309105613,-1.8320134919258748
-6.12272527930403,-5.76754887629147
-7.152503165252961,5.340546211391169
1.2609233548601715,0.48883058561825343
2.679140008981231,-5.5243275056202075
6.151274211582228,0.011328934243467821
0.46768524908374753,-4.416494693318169
-3.3574923232899603,-2.866194018165159
-2.1142315520875115,1.3038665884774026
-0.10891881086158742,8.378453118746988
6.872908627507508,-3.119824225144184
-3.164244612230673,7.4115774639078555
-1.6625897889590897,4.927728861151651
0.3639345654002638,-0.7239660386397998
-3.5351889629204836,-2.8832758105754164
-3.397875788480557,3.4349913595284356
-6.670350527900134,7.6249508437715265
6.29697543984721,2.5177646550463613
-10.736669082534823,2.2613736535630764
-2.021295830447867,-10.629492754992164
6.895892601241243,-7.76977937268075
8.492822475875453,4.876799571256293
7.417996936688847,2.734296995304288
8.004790651705521,0.24700910064302195
-9.16964602456159,1.0951562892288906
1.8259383857016,0.16276971129979334
-3.227221861367243,6.504862697045246
5.938942916344381,3.404941077706413
-1.2853035607672985,8.926091922241897
5.605997735910382,-4.7437694307936615
-4.871411682207571,-1.4779093291182412
-0.1783286047196189,-0.02881798692570136
-4.330465965188983,1.6813183596498174
0.030112137331148488,-0.006445593229648957
1.4076931063825264,-3.8581044473488286
-5.976191648746592,-3.870726060142718
-5.906610533129913,11.406000903772808
-8.053701604177224,-4.0177078693012955
-6.2620383814488,4.622062582195273
2.984859082026725,7.165372571251025
9.210597943887631,-5.403012100191541
-4.68437903911906,-10.074724497195408
-1.531216905349595,-7.415603995471885
0.1378585936131982,-3.9039274523458847
-3.699902790730652,-1.7361392546859888
-1.864882176106979,8.17052717380532
7.256033697813937,3.7198529712968287
-0.16299394419793153,2.961309864752117
0.3174234075801422,9.016127496887925
-7.7447212324416075,5.504615700176705
-5.627114219847193,5.237381352185348
-0.9416126509261163,-6.275269109850687
-0.22261089783500107,1.0499892495026735
-3.85622179840982,-1.409721868026633
-2.431325514218553,9.345867604132557
-2.4862106617719864,7.391394570981042
5.28776629671849,4.40759905615941
5.986969706426509,1.8220185884216893
-1.4131147221142046,1.726629369743045
0.7071027548412449,2.2885327147061294
-3.7850926981576425,-3.3267142159969687
5.141454272969711,2.733732852214708
2.165453322667779,7.021487522796491
-4.142096413888298,7.1180686756221885
-2.600225911774159,0.6093075106710887
-4.8678686784992795,-5.300919401451552
-4.437697415227974,-5.494403150934037
-0.25803326465350307,-2.9481194290339126
0.6077669970458824,3.263335405539296
2.473018309618664,-2.9155262201126004
-1.6850658581258382,6.477269819023305
0.13414927981588487,0.5803126642390808
0.2518482353218038,4.757130124701676
4.058108225263824,-2.1156133184144177
-2.522700382317203,-1.4594467744897521
0.43616616656023205,7.1110385944960015
2.906525357208877,3.3399497548378463
-0.09935508464175676,0.3433969152360094
3.3151744583820277,-0.49883568997496935
0.01534689910528212,-0.3244535918420317
0.06072922310157793,-0.4513828585654748
-6.412323795479384,-2.2284969416809077
3.0341117701729186,-5.3994766180608185
-0.9706169192247057,0.6615133394584114
-4.362220798112005,-1.482139001239741
-5.141275252902681,-5.757549276228223
11.771599373769742,5.886454117602111
-8.38698679334283,-1.0440059270398705
-0.2869549278920081,-5.933091449440929
4.446430957869518,-5.474038861340729
-2.962444269021822,0.29250441171174524
-1.0315872322071122,1.9856909984388813
2.281870706585556,3.1068002867792206
3.817609351938237,3.8651476618214633
8.539973151371248,-2.528014586586226
-1.2302237722973584,0.032263746081503085
3.783481753110971,4.529864998018185
4.813675055414698,-10.069247174410624
-2.3276436430750578,-12.04707490062701
5.864866488089685,-3.371398184844027
-0.920972919411163,6.6850277310485
-3.9939383323587387,-5.178225290394475
-6.374958011514097,-1.2757932692983094
1.038190015351253,7.598353449285406
-0.3694971569279137,-1.473882410665228
-5.417743133254893,6.154209235133177
-1.5852479040846128,-2.0593346167050592
1.6672004016090982,2.871070381097124
-0.14341491229261932,-1.1096773738963557
-7.820313395223951,3.3712520315893295
0.9065099578071059,-7.646632918487006
-1.4663481608906401,-0.44433800649732685
-6.444776015728948,3.8888809426004074
3.480241093789221,5.8811328470207815
-0.024764586932216812,1.5411691006083852
7.6091565882802845,3.00473636687232
5.334103024446178,3.3435447612500213
-2.6773460979308417,3.773036598650652
4.677235345272493,5.583248753789699
5.051938458558142,-2.422316204181094
0.04811467722488567,0.5241200824176383
0.4877880135735029,0.3224350057869718
1.4020269588377827,6.239115781060903
-7.241060148983426,1.8033703772216876
0.10277397135729903,1.3740145316711152
0.2447646998236994,0.7045728039027741
-2.8367484810022168,-2.8770101607358547
-1.4026571721554868,-4.903974373842141
0.5024444072656075,1.2614299727239202
-1.0366405634101419,1.8526281477318682
-3.8338824731550356,3.7922117159061113
-0.31170456440306654,5.696041121276711
2.6387517024735025,-0.8567002842231018
0.8790868419775321,-1.242095602652016
-0.024777224668616597,-9.645978522052818
10.317368504253718,0.3174799138785194
4.301604489885265,4.198994564519545
6.721590920906723,3.711605297960245
5.071888244112623,-0.5465868350797913
-1.4498758598513515,-0.6919591435354543
1.3819047722063795,5.193842415887711
0.8031295145458126,2.727003516340018
-0.970535237508983,-0.036562632720286384
0.5766179179500838,1.4996243728200047
1.6416825553674395,1.2468189165809769
1.3833941276503094,0.10460177360634883
-2.862118442889048,-7.674060148589329
-5.982924036117246,2.585306983796698
4.519701897772413,0.1421623712469082
0.16740439727961506,-1.7642967007823829
0.6778263400275122,-0.5935082205862805
-1.8261270958679288,-2.5807779549275045
7.669265874356919,-1.3095910347531035
9.505192858847444,-3.5297784315363154
4.403794295955348,-8.56137119437086
3.372675320420487,0.8982476783910528
1.1319197163957417,-0.5034804186534356
5.579590214343091,1.6812613670979477
6.019158032716238,-2.39616776149031
-1.0020128720655614,-0.9507430983568179
-3.3675971908082993,-1.236762469702421
-2.0631917917215032,3.6341705627680154
-4.3564109289027755,1.0098936615046983
-5.174451456261709,-0.754647897797817
-0.11233468665801762,-0.7449370390577653
1.0479581227679797,3.1848087966905965
-2.0224123701686576,-0.12390161012234839
-2.623508305422023,5.867471021836786
-1.050546108184434,-0.6870724201315215
-7.47128001814949,3.6985309647522024
-1.7758688964302713,9.920274361558091
-4.560708146188345,11.519487410058156
-0.6693111381485675,-7.8536375898345705
-2.1669487122659374,0.9272409662594076
-7.692201398849964,4.385547652850974
-3.2447367320751797,2.3146531154249277
-1.9924535468339528,-3.641008446045598
3.3435497887519308,1.94935797519412
4.134474193102047,0.7449619288026456
-5.484110665125991,0.8064993822097556
0.5266678008242062,-0.11433637749934375
-4.370765751667652,2.706899382837853
4.579025120888393,-3.3101898788278565
-1.8156933114871296,-5.2639174217749005
2.906592148815335,2.795525929348164
3.516162856783792,0.2950852939934182
2.094433876376057,-8.418063764691459
-5.950426843962872,0.9566409493794837
2.8147893893248477,0.5222413196957155
-1.6443993350865418,3.97315140725606
-0.4921315183089032,-0.2991861868698845
0.7210447907939803,-0.9360202464321516
1.6979837844941243,1.122291866685597
0.6606816969932539,0.9767825729286848
-2.809191365955079,1.4076012780083642
0.5036164956289596,-1.1029979970161383
1.3099520409179186,0.3493738538796607
-0.13663168642788232,10.048180596393065
1.174054816849879,-4.452255339053732
4.375722556516398,-3.484109872764937
3.5462522624222808,-1.1510837647147316
-0.43142977534405175,3.4892957377775353
-0.9629552755926684,2.852195767305456
3.9578043580498674,-0.4353723974674327
-8.392381063029578,-7.516220627137993
-2.9085669188230083,-1.9645199974244183
1.3116248878054189,2.8797306721394973
-1.1978441978922991,-4.433900062071423
-0.6952558160649017,-4.168047237799779
-1.0652562208298557,4.577265346607302
-10.562893737615978,1.1495530543050458
-2.4949995040947295,-6.33111472662459
-8.598182345739918,-1.118921098071034
8.243809261845495,-2.0327930069439852
-7.930975175766572,5.537870023205344
2.073207844404882,1.6820188550451036
2.5860112498107872,1.533619462187944
14.549730288857162,-4.434986958364763
6.542579520824461,-3.3322843968145284
2.94357370706361,-2.1718361126204
-2.924500109786677,-6.372457771043251
2.5314573556848834,-4.967353982858619
-2.6046628406548202,2.8812288004940014
-2.275948510751609,-0.5862993365211223
-3.203251220834581,-4.489833379582223
6.2863292605186585,2.802615198857853
1.3603210888440285,-4.696547343156524
1.2771117037603876,3.37880554541515
4.210878632166157,2.2028946326049743
-0.10623133339010453,-2.378755044779369
3.443350321744651,-5.166433052546157
-3.7091607143890046,6.933980973019446
-0.34620073333887735,6.0037175260818945
-0.3641683769068987,0.06568471926956418
1.1222605950307898,-2.401629859497542
-1.2854285766413782,-2.4148833641969087
-3.484498018557483,0.18546580768127502
-6.092639820832787,-7.932594543359575
-9.434624295772245,1.5605365144025303
-1.3095164730253497,1.2260185945299598
0.3318163391647846,4.915029179795685
6.325113616755133,4.941777693185684
5.162997182486676,-4.231229576605404
-0.07125387599128101,1.0712616551857066
-1.3128070049322054,-1.4831036931710349
-0.8626450103132519,-2.602058457385602
-1.775942911580366,1.9059852019048618
4.1373917983629,-0.0580662626746134
-1.8269520949678066,3.048537903547107
4.3804913809000965,-6.354491877662748
-1.3232920965343862,4.713229609996675
-1.6662720014727936,2.0780891726812665
-3.6648102443447432,-0.9760743267214944
1.1442304125324503,1.0174694814235545
0.18607274431027282,1.11794367775793
-8.057430017485604,-8.28025069900799
1.599614244578794,2.3909310520294493
0.8988554428449199,2.1796710568285076
-1.6168329063729665,-1.739939495205355
0.07463056734620495,1.9209312752695982
-0.1330832933585491,-1.1126239986383537
-0.19466139555333614,4.8316522815830405
1.5990111055924734,5.966027913194775
4.156773737088297,2.3042461387659574
4.8198504067307235,1.854744295899299
-0.2616678412897257,-0.6765771861041386
-2.0667170710945215,6.028410669986325
1.1198036838140142,3.9612307216318405
2.000600352325055,0.4934754395696454
5.936597371167804,-2.5601152180955693
5.879775515782435,1.4748029460489216
5.708805283704721,3.6269708920310086
2.564068678589373,3.598723762299246
-0.530343852997537,-3.867306071239837
1.694995929087744,-2.1878653528951797
-1.1779560825736892,-1.0732762311695447
-2.2766761208881365,-0.4198116651144046
-1.563322229856329,-1.5152296040656175
1.2475896536301918,-1.8008639581396297
-8.260103351827285,0.4706518037992959
-1.7306965271718355,7.701188182594024
-4.845947785127207,8.002167524648218
3.759021666592959,-7.5786885102684
-3.342495883373681,-0.1585504443937635
-5.428684777827057,0.5668250305132781
-4.991575287303525,0.4428755382712893
-1.6330346825226,3.8492557049965677
-5.508889391737459,-2.01334020049211
0.0013460094638681086,7.58244842601353
-1.629102672555112,1.0947730842393657
-0.726616220828048,4.330124974579282
1.733497422107082,3.757766182414402
7.347668373536138,5.598352476626755
3.703316154585863,8.249817904731552
5.376684170945541,6.770354417292629
-0.5602585487536118,1.4459413318046082
-0.4867538619002369,1.7706805110860298
-0.5290818988353799,0.6053676999410792
-0.547751722775471,0.7894468812946868
0.43214303649538144,0.4190279328658468
0.8698438099588367,1.5426359539591596
-4.363880794601875,-0.8572184765142314
-1.4821272340302734,2.687620404924295
2.2844898110533616,1.4881689580044997
-5.018106548542979,-4.84067081575992
-1.672578961841556,-6.238201019256222
-2.2970235073929364,2.4852513182013602
2.1199604224178556,2.7483394862492974
-5.28206476801879,3.563326223228123
-6.634650060895968,-4.479860934253684
2.5346331010681125,1.5192129724324774
-7.820742575476368,0.8453441292524217
11.87577112334682,-1.4770686646225661
-10.827518986119097,2.7942200543212383
-1.3200328255204017,-9.297098493517513
0.068466534079834,0.8242015889412944
-2.5134090003636245,2.101775020960379
3.9792049740814983,-2.904364159306662
1.697414457014,-0.7799777127626621
-0.6714305830226587,5.808113927387416
2.366762599665171,5.132774288929139
1.974974270881939,0.1311747089809277
3.8223388320920035,-2.9319397554705535
-9.33404845952243,-2.545741310676684
0.8841925224603507,10.288873956192008
2.55718028490227,-1.6259072874148985
-6.643541168211001,-0.23594755254309194
-6.607546596708897,-1.0536610851400825
2.187236752260068,-3.368733449522035
4.1833717741295375,-0.7208442925002687
-3.0941267347102595,5.804555354392591
3.282999254366859,-5.643475704698057
-2.354603761288443,-5.28437270880268
1.7245000951420966,-2.038783300812281
2.326557519497623,-1.2806293851605044
-0.4255668230363269,0.45958896201027966
-0.44688122067595243,-0.5797250467623057
-3.0157393912277435,0.6255340242016846
3.3585474560405455,-6.868932871737748
-3.5668320818980876,2.8394175122080396
-3.439593599543466,-1.6462938623658252
0.13446104042588006,1.7797481695423607
6.9202930873776065,9.787119641376115
9.747667635485207,5.393824612017508
0.7822250997679582,-6.233527318560699
1.705249958554389,5.2376491964198575
3.042137658082391,-2.9586289419298115
8.513483917696783,-5.710360727321587
-6.813143448360027,4.618675527104427
-9.184859917644102,-1.9137244031361746
5.655401081367514,-4.367016822491447
3.3384238520589014,0.017381986173165193
-0.20517398373480683,-4.163712481610681
-6.192263792814133,-3.4402660441787694
-1.4432242569017153,-7.428575900437751
4.462820647417311,-1.4910786647184733
5.468140262482232,-2.5403671121364844
5.355780433706016,-2.7338942558647963
5.372727807026714,-0.23857916539763574
5.408944776231512,-5.371137055142514
4.331856724583294,-5.09906011876312
0.68750492762545,-2.2834541735284724
-0.6800670680279488,-1.9649103622952673
1.6616344980973754,-1.128574373499438
-3.869573142419766,-2.590118782944691
2.0825475028887266,-2.5400750585936422
5.427178889346277,-3.954353679064104
-5.684695670848141,4.215653065811914
5.356639233723173,7.732909857509501
-3.7182679007608934,-5.897698741546049
0.38533676526653254,5.697303618569881
-6.746263023039598,-2.782016447742566
-5.620373460137473,-0.3769407353008107
-7.936357784364321,-3.085817387495423
-0.9498022545559395,-6.1886364282253945
6.834301522019608,-6.109613610894275
5.582556453807512,8.009889623543337
7.05226072129419,0.29317234730584774
1.7554478620205032,-5.74105189120002
8.724340912001958,-0.3543526348789103
7.0361198162139615,-3.9331245118345204
-8.785408363794389,3.620477910307164
-10.05556178583028,3.706135894251575
-2.9618547114674088,5.35338264928437
-0.4256436358416462,2.683661473374442
0.46454008861725815,-2.2786994457595413
-0.14854991080482483,-0.2298222349571163
-8.267464307930828,-1.0967266002133143
8.182124070178524,7.811029324678373
-8.156256861263152,-4.746468231853365
-5.0370779510645285,9.516785392904682
0.7784649343000926,4.567971016755323
-0.15175310287444774,4.7181189327630495
-0.45764237069109975,0.1509676872955717
1.6395162433061479,0.7919377298981006
-6.241364412116853,1.5712751902965874
1.1935039370356888,-1.6629598051753434
5.539681683428997,4.073762307120223
-1.8058600837630139,0.5054216183639397
2.537895486737393,4.925043120950621
2.3634415201691388,8.39125825874619
2.159569239974068,-3.9168942240679705
1.7053499000031016,0.0036170906436963513
7.134245621969328,-0.46396842002038646
-3.2245633856973956,7.331956461051274
7.0293678131875446,3.386496069272081
-0.6757403763486052,2.362606531245315
2.862293376949673,0.9252685044079275
-2.0399990360515354,-0.7177632454027114
-0.4255746009492878,8.31612406428058
-2.469773083566985,4.439577516090248
-6.356643877876513,3.5448179739135175
3.463248105399768,5.058445163490343
-1.0660268348137605,0.3327158958789567
1.1766899079009199,-2.579605526678577
6.024753161821552,-0.3134022846571745
-1.150617731184305,-3.584378405460458
-3.5909734240655777,-4.231287363380531
5.408504978507744,5.627195876491664
2.4195023229780825,-0.5013593973735777
-0.8120754849214563,-1.5008476562598403
1.9369767301604115,-0.797376389240783
-1.5795817341341147,0.35826259958597106
0.6786781503842417,-1.4185877413179484
2.6821181467277504,-3.4168439746834482
-0.9701003921869616,0.8637107397954978
0.5414745087083426,-2.007142369651087
-4.349113252551175,-5.693296777898408
-5.751762985375646,4.721172487891663
2.815722444781383,-7.2088721023046
3.136027533413129,-7.7322671552443065
-8.188418224902318,1.5401108615502523
-1.277350559137914,-8.461210236316598
0.12891150860990105,-8.290170309026006
7.354704885594432,-3.4679897707756693
-2.3922019319701957,3.6274665611144252
-0.15505137969484833,2.8116361150867233
-5.694543339955487,0.1513203536097481
-0.9806451869810557,7.275736353357185
6.955488311031432,-1.044458553344284
3.3560200218360134,-8.644014690872032
10.482748735446798,-1.450556370939479
-0.37162330995353443,-8.72577091404854
-0.19380465233330524,-1.5082683728131976
1.4199589669112815,-2.2135003585575648
-0.8281235638909679,-4.9243660226188295
-0.5652977922723799,-3.3338496147215557
6.932633101890839,2.0956881615310086
-2.46473724919039,-7.076729792030642
1.2561368548046452,1.3625987488287539
-3.16221015961262,1.9115986336588704
3.1033084940529947,0.868476624724107
-0.3514966274723186,-5.405723810802876
-3.10616816021493,2.7172234783901
-2.4303276219365344,6.580772167197433
5.592231441328374,6.391185721751247
-2.1087858537124604,-8.214011647532448
4.689980579460541,-1.3776423907765867
2.4427020732179923,2.0687784679789387
-4.7793663050722826,2.8202530732256204
0.2937907184490949,-4.69473549601584
0.37090754390742414,2.7216314805561153
-9.81243787088144,4.006010435066247
-1.7687854176122353,-3.7036163835397256
-3.3193559219258537,-3.3486363322606807
0.33122016376387975,-4.31561878785733
0.8665418277627399,-3.6147194753264635
-3.188433408123815,-0.5327388310897341
4.138838190368921,-8.093828274455829
-7.509822274012026,0.09613213489904396
1.2759630447149515,-1.0136910326770876
1.0550766773835538,-0.4645868747334196
-0.29618131462871666,3.806007765452959
-5.682538976508914,-3.585189992464989
-1.42440168556575,5.397145290418005
0.2065340796643866,-8.294816775607604
-4.135415581711574,4.678806337243301
-1.73997838694122,-1.0291004888968054
-6.265054550099972,-1.0855204546870307
-2.4056556616203433,3.0720170220850442
4.163684372128979,-0.1872980547855543
-4.790438397739422,-6.795585979624917
-2.753110483812986,-4.470521065948073
-6.137242710835156,1.4723185679455284
1.5423143818103104,-0.6906222036119344
4.257836547118448,-1.357017085251177
-1.2145151706459256,-3.7119878782605507
-0.7337885510363352,6.202316565110752
8.862771753316181,0.8788786604661292
2.466781789199794,0.44342660751273144
0.6936264695544312,-2.5476088366976963
0.9118918936566467,-4.905317818738497
0.7874867090682649,1.7172110418250441
-2.18403754934408,0.5125383524086677
2.7977947948767037,0.3669193283745881
1.985514632399931,-3.1910250004460305
3.086369056078162,4.912590031825367
-1.6422438774041936,2.1354081953432873
1.107397556091748,3.8626292570001683
1.7326492208785238,-3.9138636572381538
3.9455803757528645,5.179198923483474
-2.642871803136106,-4.927983025410791
-3.146301363075414,-6.6051826073751
-4.394458410376354,-2.420020762093391
-0.0038434818918423527,2.43104152957898
0.4520534358307219,-3.009988167139376
0.8116625454570271,-0.0649606495663264
3.846711086611263,-2.6698983562319794
2.497639189083261,-5.315703979131996
-3.6957367170763744,1.1787225156569543
-0.06663840749330038,-0.12661135253271608
-1.2820645927506433,-2.5663437823000055
-0.15180394151315718,1.8743310582014459
-0.09279522063194001,-2.201838722025237
3.7804395188750637,-0.4892753126434755
1.5580670394730516,-0.5008409661383666
0.16961308725870522,3.4120195110263083
2.8676395964653136,3.9188106040778155
-0.1841430677782281,-6.613447032087172
1.647918472749878,-1.4351188257284213
-0.47291848485515264,1.0036321388065583
0.3309363965039857,0.8566872750626296
-0.15022241695506053,-0.8948611526483164
3.374503937315321,-2.1212085585486045
0.7803270540978641,-0.24691609780132273
-2.550707467186265,-3.6127900758807443
-0.4000091926017637,0.8652234431655864
-0.09984347141639813,0.1773000402071461
-0.05297324066065889,-1.650097563249592
-0.5463281112840448,-1.0882582507954754
1.7037331458140972,-0.24097251992948548
-0.5780045721816701,1.288123778137359
-10.46012069670593,22.794248027506377
25.48394799929286,-3.286580212840199
-23.778717380762064,-3.0080771352444065
-15.799214550632104,-19.57583168891721
-20.808046693865673,7.244914195855857
17.999801457273964,-9.51893645126669
-21.0110988092258,-3.914982062341352
-19.093860230159358,-7.990686424541839
15.0474176951194,2.094910277530702
11.435334746350373,-9.837112991053745
2.003233499432414,13.664173041159218
9.595518599060771,-10.094637833386711
17.696197723614073,5.45633483916784
-9.612485322742483,-21.30269552067156
5.1588066634219585,-17.844227174781352
-0.25488961831353457,17.339963039290662
14.158169027892734,-11.086539243743692
-5.676213815683598,16.745046782696363
18.99216855647213,-13.588142049879538
21.285101624527233,9.37585186521515
-13.10476503051351,-11.838798831648239
-22.596096581826046,6.533294003892846
-18.319547980660904,-0.3210082227570638
-19.26115780861399,13.995422513665265
-15.070211381329889,-14.314044502391312
20.12430032536972,10.60901852547167
9.96475709305541,18.070593727519682
19.149801274356577,10.74856971142207
2.699901119329513,-20.977732218197257
4.538180920203461,-14.377177402247092
-18.074939366207516,-11.34857614393483
-16.991304755146196,-1.3708520310907963
-20.369278083262387,5.9867746425665285
4.610475634393965,-16.563532573126988
-21.414423804831355,13.429793719489199
-8.641549111927977,-18.51026485561645
22.200221674597667,8.039085872543826
-2.442820066839826,21.336166802281806
17.30508758028647,-16.26928922183266
-22.777521209970043,5.798819935986507
-1.8494105667303018,21.879334116855965
15.38430065516544,22.766804850478376
6.154648185769913,-17.338632375892654
16.14143726969948,-12.719679550747339
13.19606113615267,13.612195399714661
-19.993448162900805,17.34306819326435
19.37238158412792,20.155247392662446
-20.656618729759614,11.211365144998094
-0.2675223388126707,24.13246685377054
23.600666017706775,-0.09050484928000513
3.690811024817116,-20.490906497417278
-17.78907532306531,-17.479652674095785
-11.56529257935889,-16.38161763839222
-0.08363592275086747,24.780531329444155
-3.9343773666200637,24.504053322587062
23.806629028627977,6.046836836879823
24.99739873193627,4.219536285966523
-25.178865377563014,6.00256007090378
-14.021607781994815,-18.111535155467667
4.052480294017129,-22.05237478110956
-22.829691009360157,2.924151821467027
-9.866967951065716,-15.8723537872063
29.21316866844738,3.663318821326665
-5.405641105196912,-27.665784002775002
12.060762230129052,19.297200937942975
12.053963594669911,-18.75792157237386
1.006104233606409,-17.20383715485043
1.8701705675020333,-22.956911982424696
-23.737419587800964,3.869587145219281
-0.5202259336887401,-25.71520314574965
24.776121774612385,-1.2998152592425996
5.606754708186634,-14.448664889777966
-8.287063574672315,-16.80128026904425
-20.23193659328326,4.119169803694658
2.130964175455011,21.701972367314458
17.86240566497676,-10.371782356135274
-0.9102636735854469,17.076814220233356
22.312776262367485,2.1452806392199086
13.9987898759052,1.630161164766262
16.74329504667298,13.924756715512475
-13.137683263571384,-19.82933734280777
-20.436449528689465,-6.858097895906606
-13.720478321258415,21.13176196270132
-11.244267022983609,-19.330850146410164
-21.919789792579767,15.918893741523732
-8.234219837068853,-24.552966382182277
6.6609812436410065,-21.655927087029536
11.706680244244563,-9.369404862361874
-2.8318106556382188,23.55830203203663
-16.91926727658518,12.202408628757993
21.338317637742854,-13.169754478293243
20.25354627912347,16.26119048838426
9.118924818202219,16.77229173506428
-17.021642662581616,-5.187389378003759
-4.778138877992594,-20.405434945415028
6.0690273422810455,-19.714094368115074
-4.75576298228552,19.98449693135843
-17.269365095457264,13.543095226312756
15.43392617921402,12.776889342202198
-0.8844103633085398,18.619777688147682
9.711671757598051,-14.190278048423137
15.031701078058939,-8.815772770711558
-16.244520854638743,3.6145034273391423
20.393581897898468,-17.512197717094878
-8.260631291362898,20.522156721505084
-18.164039698447482,-1.9935072417123516
21.319980967286828,-11.46757115346045
-8.352582385352955,19.159110460964413
-11.672962349500581,-5.603063795462988
5.31275693857285,-15.866170498079867
-7.848218480303578,-18.083987005076487
7.035579690042221,23.31434668411985
0.6295884231655321,21.798096674721798
-18.563334484269358,10.790644660351957
-4.9475703121668575,-24.103528051437486
-12.809404410428025,-23.19337006239488
-7.044595726620458,15.309098567462994
-4.650714376302369,12.894317820149235
8.125235298088757,-16.470101529411913
-13.361258152902415,6.550383671828206
18.01277367486954,-8.50447201143574
3.631198299664607,24.18402719425347
20.01497389523724,-9.770078731100567
-24.05858554644238,8.438223413967723
14.178487968158738,-12.142544876210163
-15.474226427960073,-6.720348581886397
19.593101563468466,0.5493757500786842
13.476804733251772,11.899719625744723
2.4384162835224767,-17.100516583161927
-16.889003774651343,-3.769237530848801
26.946033903262933,-5.04359620472688
-28.48515294806444,-1.2642225110079337
-10.4527145346938,17.268837287116078
1.1345464384094854,14.965849675424973
11.1722642584525,-19.56830703627894
23.298221826948794,-10.849702259233958
13.803257978153717,3.3761293069635734
-10.126224653382392,7.190093643779687
6.695915271674875,-19.460117780563706
-15.741171852584802,-15.372335487942289
6.490472313954775,16.441337534349085
14.386789711322459,7.898189700522518
-7.766064093728302,19.28363196138748
-23.009417281977885,-1.0871511190442023
-15.56344600526517,-12.953959821285647
-22.805003802192925,-1.1508841481309848
-19.453579488717374,2.452679706194962
-6.1262720455133275,-21.340057504995624
20.98607092340082,8.910630343739138
23.42442851603319,5.176723232441657
-17.59739436138368,-2.8704216687310833
10.44464600861822,14.193067653299202
4.005252099238295,-15.177676960611976
7.326921490775068,20.608631605802447
10.722723293070851,11.412896143234585
10.988250202175417,11.371260741753142
17.64648215004774,15.551668137987086
-16.770397123524333,8.959961849464166
8.428241094731309,13.147527446804848
-13.420057593576356,-13.416706963993756
-2.052001550913672,-13.770475828425356
-11.743918119687377,11.82995000068159
10.074447714200447,18.422710241662593
21.371601032599415,-3.095495042438145
16.84907693250358,17.290839326420556
-17.672670527448634,2.121672297489003
10.271814618803594,-13.639796680056246
-15.399341144689567,-16.97463762093025
-10.118672545962882,21.22509273166657
0.8395241109373061,-26.840205802028017
19.43816637550282,11.031776348714175
-15.502312709753795,-7.00598418564923
-9.054812875320705,20.795439318573294
20.653152863567865,-1.1281718287968134
-17.73816249589896,-1.583642370544766
-20.870378159670707,-1.0612931098902547
-21.230555511275416,3.3031619501593155
16.149099885129086,-20.49664310241674
20.77106875023614,-9.855450834879859
18.818811620491104,4.446019390085655
-7.4785701445394945,-23.18719683855076
4.505253330964296,20.7944160955297
-13.260626411731865,1.328613397417757
-20.468059009418607,3.466294157746424
-11.760255572506727,21.560593193856725
-21.212782492944253,-9.488933278466373
-20.807971647857897,-7.242522112989566
5.234354795413903,-22.59239394908078
3.527438108669629,14.256683132232379
-9.986441110379369,-12.234515343674397
15.49616614183315,-10.510732470428401
4.252806353296349,-20.614062192966905
23.092619968428195,-7.163531332285527
20.682958875819494,5.308977605224693
10.7456639159655,-11.905966677273424
5.357814470221748,15.810753055093429
-17.771746059070914,4.3395828132177545
13.937027219678397,-11.242661864445907
-16.707921688750677,-13.717796744715926
-21.325871975557025,0.8100733390583706
0.2218533677992033,-14.481320377706096
-10.124489880467529,-10.319946496682574
14.837456504192804,17.23952170582532
9.323096396105985,-15.318285424172009
-6.0134466465788154,-17.252890297419167
14.06388352444863,8.107197533196807
-3.2884925992213567,-15.278758662314477
1.2048652809974532,-14.690505743618719
0.5788326896742183,19.666478849056755
2.194166322200505,19.657680162698416
21.20913767545484,-0.9539654048997139
17.99216049728207,-3.5042763418958116
12.851018299288453,-12.161836243988216
-1.3735238994833896,13.820996169722513
-18.859713459238417,8.603854896911844
-8.15246814971279,21.39447395031655
-20.399486181455266,-0.07127197979478707
-21.86845791728459,1.6002928745795015
-8.7425096355423,-18.664585324077414
-17.948012024554014,12.940850858691206
1.1952292992813398,-24.08025452933146
1.8219714010481973,22.49821004041526
15.50861893174878,-18.99827945323454
-8.909771279821053,-20.596811734273672
23.580377144428375,4.080201648120718
-13.512836895771144,17.022260766597196
25.22256082013373,1.0506046530598407
-14.862224093677186,-14.730202262362022
4.679061304649689,-20.300468407886832
-14.464062720532642,12.499450944945501
0.036567389808291606,-20.285609913630413
3.086710963080523,-18.42979357412415
14.278104166084013,18.930473921824824
24.621639163470153,-4.1176561656167445
5.066387269039003,-24.62719151328902
-21.601939591691604,11.520342529083994
15.064022566732485,14.748447750341512
21.68688036689665,14.222308959856003
-19.214423465769332,-15.1401970792574
-12.261899383333201,22.78845058348056
22.732711056332356,11.359069501744505
-9.519829983061973,26.55834583367905
-23.40595167042024,10.434368088383623
-19.53908051415053,-0.03448784909669874
7.108018139027151,-24.696324002367042
21.116855960596933,-7.937992740190662
-10.599285043472609,-22.692025184971786
2.636666369975361,-24.442651193988326
18.21439752701476,8.800354726246022
-13.182129168107913,17.67458245094782
10.659740906286723,20.016483549755502
-18.358838835680558,-6.129379805878168
-0.14810888973395336,19.11032982948163
-9.330555077621648,18.299553880185346
19.50477212053292,-14.586859216533524
1.890218585216244,-20.093109659606082
14.309645605744192,-16.306389909323777
2.271230614978207,18.15381646959583
20.779580546402826,-14.434354611993797
-22.54745460449795,7.217248363550023
-8.170664178696148,-19.171757457494998
19.397318148579487,17.717301801822746
24.148905220580197,-2.14801392470668
-26.68924428214565,-3.3961626169733288
1.6812409934524657,23.510560940367547
-5.1525747285576475,-19.18262465247005
-23.00355202690074,8.971381813197084
19.330987117241552,-9.476890898604863
10.712758448276203,17.807936587904372
-16.678994793749,-8.436719190963878
7.074781363705264,21.51334973393704
-4.584272721130922,21.51349863887451
-1.22888837122383,-21.082024451524333
-2.310396926464213,-20.25774840895401
4.2393195015611775,-21.558370110345862
9.974293884545997,17.649368254705028
-4.724098609902885,16.776417045980992
21.23222351804256,-6.17549942205836
16.018215663017354,4.951470271989137
9.134267946338179,-19.855698411157878
5.699430282629056,-11.429096729387986
10.109715207797777,14.939833794644327
3.064980461182333,10.675920558711825
10.122834900074,-9.791186752438428
2.754385071258784,-12.297374242327411
7.096803448266403,15.524347509076627
-5.585450385281222,-15.785060072805074
18.14864224887548,2.233319990851997
-4.237132210002808,-18.49636825884164
-13.62040119830222,4.590471833481109
-17.319353108789272,4.1146458266300225
0.9454081047497163,-21.501593532731896
15.363915316270246,-1.874106493159019
0.8991819943493766,18.105444521946904
14.388062445879562,17.83439991429689
-3.3966641804507125,-18.508069201820344
-22.961576742593614,-2.0420647484157315
-5.3343721169551115,22.14110979547767
-4.178885073197442,15.973197463202155
-5.3352048330702875,14.253034643518976
1.9581748302035606,17.545887353279024
5.944398923468282,12.55600053433067
18.973114181978676,11.767365957536274
-18.001288945693922,12.321707308365841
19.251987871985445,-8.499757069234334
3.2052915512772144,15.963439578451148
-3.1874169268590657,19.877058379430256
-15.973126636419998,16.929946859742316
-14.062285144344122,2.027516136947583
-4.7388902636923085,-9.103172156943694
9.08123966335439,-7.167552182573983
-0.3915788129362016,-17.24011433717264
19.68628166437095,4.4810658571609
-12.78648127735653,14.920947848891686
-11.736068325718996,-7.40548946184125
3.638400387785402,-15.404250290143208
6.473021607191635,10.601628153354381
4.1246246639347195,15.455333635972254
16.719625975871583,-15.032778955317319
1.9430024209886352,16.05815062975555
-22.378378847859025,10.166071641087118
-19.96253198438627,2.8775736316480294
11.22829842456159,-2.4009453328280284
14.152737201772617,5.1703802258911224
16.66084903244702,11.85866372985493
6.946676916248128,-15.408009486176109
2.842952186528222,24.237266142618243
-10.720373334880682,-16.54371332194392
-22.770107168127492,7.722947387114358
-10.903845173277125,16.826409916297724
-18.793365794987245,-6.598895756737122
-9.239961208669088,-22.255306618748413
-17.16656921783252,-11.142592456376216
-3.023588070887509,11.513321929986994
-18.035981002631182,17.553545165212267
6.085305850352792,29.209484752582057
25.56860327985903,-5.850507876869451
-3.3178768405274526,22.009227857897557
8.558293911413584,14.65646052560193
-14.416083032315951,15.426566360284168
-14.847809184934691,-6.402375237446602
16.66675347215676,9.143840032813374
-7.693913353138865,13.614636861560466
-10.199680441411425,12.0456929696937
-12.5574329465341,11.965807295459872
-12.140217759954654,-12.678507652791641
16.049847047167447,-6.775602982917307
10.969654717973512,5.812612459450571
14.232368090511258,8.966292636850762
-12.351147940117654,17.794478832090174
14.620768211844867,-14.0786769155955
-1.509341247721569,-16.83319537980207
-23.66614875134344,-1.6728857188649464
-22.56904663598081,5.560789300576631
-5.488190188279779,23.54881385849448
-18.499760251557895,11.372287697386906
11.801142267510343,13.558466453312011
-17.392590841968232,2.34151310228683
22.75691872695632,-9.238740694372455
25.117089786316097,-8.261854893854148
12.002600620092709,19.34862490872961
-25.373694067840155,7.330546802171723
-18.502404435468673,-12.803813345627708
23.35939069317801,-6.541274890235328
14.489584160369713,-10.6972118919392
-3.26230960373388,15.911565768861998
-6.363779096075497,22.976955674370675
19.99332856369364,3.4734309110391854
-12.62783738777819,4.224579499588343
6.775134657421809,-9.32007426056206
-10.380307970406783,10.437634010905024
8.397997068012423,-12.7931247358665
-22.129198042338864,-13.532283956444585
1.2656489848058619,-18.88662234101237
23.77534127989913,2.050826389430284
15.80918045398995,5.447593739601046
19.04424473496302,-4.086743331578675
-10.696523156645018,13.410381821637486
-15.231175811009036,4.697458928181943
8.023489985324453,9.773031440567038
0.21780286147210945,-18.8282533022356
-15.291837714801913,15.92855524088019
8.239462920168222,16.151633581544633
10.304806577827035,-9.298343595526747
9.578072637928255,-4.972736536838868
-19.46652157738288,-2.016423033986025
20.125769840685905,-5.425777152428451
16.246773198490512,2.2750026727224544
-19.40369613074887,9.428645579724165
-11.603355947717901,-15.187778965126368
12.963440683946441,9.237826847957656
12.932704211477116,9.331490446081775
2.6832471431254,16.19924482788327
-8.345149492867174,-12.163837220113871
9.902985032340197,-17.91832608690512
-13.113517416263258,-10.466994537199664
-13.59948419040893,9.558803337693623
12.917835354203385,-5.252815799072412
2.6779250405824,21.498072081835016
-10.38868271800264,-18.366953403168438
22.484166493723198,-3.6684488826275365
-21.701749316240804,4.391003755795972
9.964450470070624,10.397296068636027
7.157112088725032,-13.378036135439075
19.398769636269716,-8.139478092831434
-22.35246533738674,3.562820160266591
15.266164637840816,-11.279277913865856
-19.351387404824287,-7.691953234602234
21.828781710279547,-12.47785736023307
17.252411341873447,-15.41320452824942
21.327070660039052,3.022619494577482
-2.1991490949484036,17.266622781000983
15.212721861018348,16.104344797513495
-6.464769819838637,-23.931430501389748
0.4432900919956145,22.234976034095645
-24.680001716398472,3.07661776953657
-14.257385309560204,-20.625444896889874
15.541652388974454,-15.70658159969978
-7.321877342627108,22.953037237874966
23.80679810363705,-2.8947859805211427
-23.0017089407301,0.07943538449950997
21.982552525311817,4.767686996558321
3.826493766215861,-17.555536213112518
-7.256340697195579,10.419634415841186
11.93698599336311,6.856708283580461
-9.811798866194813,-13.366520086820596
6.807126997374227,-13.184416650593564
20.633059216664,4.2543169926454185
0.09032496579187259,15.166536789538783
-10.466235425618132,-12.466214376216053
-14.106642506233316,20.62026475358591
-6.708391596174339,19.505419463122827
-6.816356714609941,13.081393886187861
9.57258917579098,15.906659380585769
-16.21558154614156,-12.724211697532676
-13.928882619112931,-10.894362598175386
-18.279195582012154,-13.422472138360057
18.040077263180645,5.415044575549132
9.30510820278364,-13.804661767599733
-16.971886984797123,-7.795533449683268
-20.613086484169486,5.348563462906862
-15.556119284554848,3.243011262157633
-1.2149709873620065,23.049478909399177
20.843527979422788,-1.4708869374138915
8.03768260858919,-17.996256915364263
10.016438463841643,-15.540217001516327
15.261490342151205,2.4051588176437084
-10.03399222433296,-7.881472633310613
10.72667498328395,13.999015872870396
-17.088941648953508,-4.952317435369343
-16.05992732220497,4.543200083993988
15.509688073960712,-13.432862842436746
-7.846327616918086,-14.106850793078193
-14.866978465154729,-3.5649351231050765
23.61731198256675,1.9871983013644046
-7.341620848301938,14.577800134746134
1.566791359584034,-18.20737249807053
7.880293317678916,23.072802171669842
-12.10686817249662,-8.02803859860626
-12.811085966278199,12.85069723189493
13.271075864372037,-22.303133019585466
-20.881069229956484,-20.899525959798996
-6.06917281244198,-19.039089798108005
4.927454750052573,-19.451558388942424
17.41008071491258,5.834208402968538
16.1997886978126,7.308300545092284
-21.123456253413632,-8.594720614817842
-6.011762034770635,-14.536321936262853
-13.855925606291574,-14.140893897541662
-3.5784907190492157,-14.02117042783938
18.657617727817993,8.045499600886417
5.564337421895421,-25.51848202047166
1.6513357876736798,-21.349986403454167
-1.7588170221698323,-26.70520686077253
12.622550153244994,23.3925565380905
17.65321605809858,-12.894902837573955
26.28934812408106,-0.10122701688011107
-10.962800938725891,-16.57466761179265
-1.2654759678089005,-13.214756428437195
15.076417831030716,4.14989984652219
5.610518502352612,23.815708168539935
-1.3134015915786152,-24.351227068962412
5.1814499655700805,21.848156442588493
22.18995713547465,8.618299890319351
-10.424366612423919,-10.377809157102911
16.43981176131708,0.11184061186214918
-19.318642574927956,4.888264343435835
-2.688971392817097,14.37237395251749
-15.330862239217115,-0.24846373124316293
18.23447809185581,4.7024762152761825
16.492312505110007,-2.9425175080156065
2.049937364556809,12.82750114323983
-13.926323963775367,-9.347202379795508
23.46664253296353,4.5968904116421
2.7465454886939944,-10.340528092531207
9.006590622346017,-13.876827199207263
5.8145835381538635,-27.513791452814242
-28.11190351452809,2.990984493505494
-17.84428448346323,2.6498333222825665
-14.91581362530673,7.987214988741899
8.653856981255421,15.109003039164838
-16.144994862544106,15.036733490905927
-12.64742978168071,6.756734917738779
6.094085424730234,-14.151507066776905
13.92078128343356,-8.091436641430743
4.4417248469774355,-12.767079143645914
0.7499069681493183,-11.91096401299295
-8.619738255540392,13.521259576018851
10.623364333650354,9.634008628983436
16.218049699343315,16.419566987625387
-11.705184649950953,5.6801809346569785
19.28657572302995,-0.5578336355012157
22.783060551172923,5.545794732848282
16.698016474554702,0.856612436060352
26.260853749798866,10.238307006420042
14.767784661112861,-16.030211744248785
15.298862185212176,10.909458595129943
-10.643092460539405,-18.00724799966404
-17.5125381635439,8.37845518072061
-14.419526269969149,-4.81532278518577
12.509374494331894,20.773714715832277
22.234903663856407,11.864395403968873
-6.19719350890613,9.201043704798535
-8.990148895277674,-3.828946876935849
19.797869376490652,-3.9446938540710867
16.729745975363997,7.301621009756913
13.063534552194263,15.64132003735993
11.041224066083814,14.917628201542238
18.358987769120592,-14.312871079939075
16.839707780369356,21.188200592848336
13.928840198692352,10.972136226965354
16.070727793978815,-0.6534601865676405
13.351696543248842,11.24765739641967
-9.98810337102323,13.719428190717174
10.074547668515114,-21.238085338959056
4.2844816315185765,18.927050462722246
12.210901542156403,19.648529909936943
11.280658117865705,-16.971023387201196
-9.382511766731778,-10.956886307483696
13.48553911137818,18.58337370755676
-2.885890371053288,-15.466930222253287
-20.224044390160607,-11.943236595539126
19.144563729195248,3.762881597759473
2.8956301176312684,-20.972546671747935
20.878548317008853,-6.878123610622831
16.24568109410012,-10.987075957157078
17.473907698835326,1.7068384860641295
-10.793677346349691,18.445078466395866
7.812762245321156,20.221894841340582
0.7018248734910314,23.88818449086832
8.401612430344866,-12.155344990319945
-10.258614694624677,-12.84328853429345
-15.648517478871144,-12.396523180176427
-10.914712682765643,15.27593010133811
1.6744895554898165,-12.50095190695733
-7.250623567546139,-10.483957145737985
1.0132965245149623,-22.803218650029308
22.434216864431303,-2.6603975186550577
-9.420358053548442,6.981564408611555
-16.955593949876345,10.535088162231167
-14.904361994167392,-20.640802222039383
-24.71220310832236,4.2011430817474755
19.106990578535815,-3.276096988241152
-3.708653707559134,-15.925100227814946
-7.709411076351197,17.24249675253075
-2.3139785562687645,13.798054712442802
-15.122931907277664,16.996787466402463
-17.306179079867743,-11.980996862679273
17.783620330735477,6.401881442893134
19.55630074598034,2.0587530029746266
-7.048881490664494,16.63821850167222
-15.639897531842928,-7.393741575703412
6.026281918707128,-19.874804632281496
-10.960359899587754,12.621327999657359
-15.492381237794133,1.7771879760966869
18.1957337068979,-8.022993223573202
11.584683105299776,3.1776640451423046
6.826669562873185,12.983525660804808
-14.142878478742274,16.964449884320267
-1.3876500593819863,19.35104196759737
-2.7172745859964476,21.344600556373408
6.964528988583774,15.03950425795718
-11.883326572659776,18.491530868126567
-16.45968242705924,-14.449597868725863
-16.3592556140227,-2.4348336549531022
23.08528880568603,-8.427984089266705
-14.5985377051178,-12.535638703152216
15.272334744293984,12.821890563112404
-19.469172426002427,13.11583403362625
-16.299801471258764,-18.05197076531276
14.815468918686042,0.9582664540354274
14.156353067761733,-7.0067030339299405
14.91191014427649,9.916820744480157
-14.475560257766018,16.39714610615818
7.14875494280245,13.988436222032012
22.343550793134156,-4.7884347257730875
21.89376926788606,4.102417811167453
15.72863454194029,1.5160762933726368
-6.669498483421493,21.975268873553564
-7.225269507890658,-22.221858934368832
13.432370669197736,-9.670179959657316
17.11237414391853,-15.691750489669717
3.3308857182812526,-22.740557584730652
-13.632086855916084,10.904355066255581
-23.09458119631003,0.906839322468066
-7.677850612672801,-20.37443863795721
-9.363198301977716,-19.044168555840976
-14.590820000891446,19.845656459542408
-10.8156874913179,-25.206311611071296
-20.65076165867794,-12.845331736551652
23.96359102054318,-13.696728127488766
22.368619197995155,-0.5817252355936796
11.976203026007529,13.855923064917999
-12.07066678576219,-5.511131618134615
7.2021821686471705,21.996359021099742
-18.217672788509798,-8.96848387076705
21.744482964676077,-4.213897165383169
-24.020653775202035,-8.185395977153023
8.363640079470255,10.000567638768448
-14.03767326785301,-5.816328750539635
7.067386270080212,-15.696343080321615
16.409388988771774,12.63966062902138
-19.977338826511975,-2.15346416632877
5.39637446090962,-25.54093014844237
-20.512349174729117,-10.292838611071213
8.75435362628024,21.257775960073186
8.379399256915974,-22.03045563434109
-15.465416720812083,-16.485774005596
10.095949179803362,-24.979392985749953
-22.650295608522924,9.643458741486482
14.063688743872103,-21.922166060303073
-6.7437405988529395,-21.978181742344532
19.705748125154138,-5.291082617747865
20.994493998905874,3.2920921750247696
14.018049840067873,17.16375155158469
17.983819697546878,-13.596631053103781
8.57559362029731,7.467166885984049
7.211522521148891,12.513040910324166
17.284827446087146,-10.845398061020381
-5.953621755616574,18.563203020223195
-4.940157912040512,19.741222439723014
-6.593193432327433,-16.902384896728567
13.328858359292074,-7.461843553272157
-14.843699923701905,-9.978284950922617
14.89504729689504,-7.504277139836468
-3.0958480514570814,-18.367131560635784
-12.113890696912954,-0.05726852395103303
13.379161417189426,-7.445830269113694
-7.1159233445801915,9.365853435214252
-7.550334075867863,-13.591772840246112
4.274654588190263,-18.139477975637163
17.668938560520626,-1.3932377024595126
-22.821928416480755,-4.597511865141578
-16.448716296053973,-20.616161168174873
3.107053979081709,23.638218641134205
7.976303847898246,-25.605738193190806
-11.465856844646945,-6.509751620662984
-1.6669648658674954,-19.6538214864667
-13.42541696280021,-0.840080092568332
-20.42329847302207,1.542265838407616
-5.199157576684593,15.928242380564638
-19.1402174977435,-3.3043455219397817
-13.654650982617879,-7.164548774673473
7.701021713217349,16.42344334606901
-13.847161128014832,10.775969587667309
-3.6252162375933574,13.988564944142825
-5.240736912461998,18.010875081956872
-13.825995710073993,-7.679916055450383
-5.806652043694013,14.241185203808245
-5.513327663436068,12.106393394351239
3.7014570827623885,18.765712348128506
10.398846097109384,-15.675359642367482
-8.390917699886543,16.70356614093373
-18.636299236996418,6.618312089011938
21.54506800359614,-2.166852402603713
-13.950673275031487,-17.412789500172213
-7.689279967982816,15.414811507701508
-3.3358872454961506,-20.14842699762161
-13.992182873311013,-15.464468731818991
-14.11250040935889,-16.2598244724241
-13.463748534684246,-16.650486862115955
9.165666957298406,20.671032657917475
-17.31165436182315,10.207479869276419
13.601331992006807,13.81206956204474
-14.514741417246924,-3.803960030268931
-8.552481252169835,-11.304733770349989
18.225441280919394,8.28244808387946
-12.24771791777696,-10.251602564857706
13.705676022309618,4.458708320860377
-14.714918654571658,-4.681087267816733
-20.907250370863995,-1.4594182589713374
0.4668911578837457,17.787380612647862
-13.801606169905348,14.18926672087858
2.5916545093955916,-15.510178513530919
0.7545239390931903,-20.533210990847596
19.142326565299015,13.437225879392157
14.103259179185338,10.54601469815487
-15.64826716196907,10.571283335575599
-6.563980059641254,9.555368903653909
-12.01727948420796,-4.8318765649066595
-9.63558759582706,8.993247231382865
-11.01969096985581,-8.170451607685441
-12.606736014440363,-17.929491073088634
16.086441645136027,9.412742415789408
12.825447595393163,16.349935132696388
19.177881321670096,-1.1986139501604396
22.410475275685844,7.501064835919854
-26.44206018318091,-10.336418558131118
-16.40093495453879,13.231508851100354
-19.3734300833362,18.898600954180413
9.444307926857586,13.773978051454801
-4.785803594258376,-13.811459295951444
10.505968958366243,-12.72033554981498
7.566636418348496,-11.295186857894265
14.902309786511521,-10.084429575035722
-4.483029709579414,-22.44680696492619
-13.337662901402764,-6.249722928650874
-6.371388403257173,19.02189611223689
-19.321073863185834,13.563326319158149
-19.832062037532296,-5.060812653917796
1.128726639485995,20.835657414801233
-17.892996750617797,-4.329440952141402
-17.38082525281273,12.083785251183107
20.24619816864528,6.771068073399328
-10.995820037469125,-15.607343130928683
-16.888477103439214,11.969772804578051
-11.792876340013384,9.235136154542458
-9.397956544783998,7.478426757279112
13.373396710150491,5.810091262000455
-12.335048972441525,13.42513080119833
-10.596559748904005,-8.904458221044964
-15.159483857381971,7.900568557508943
0.7918126665328461,12.17404716485201
-8.86736028877284,9.949968963426283
-14.272397504514847,3.5792736505013734
10.54424289002378,13.346094833848028
-8.046352112860548,-15.482525758591054
-5.409008889673285,-15.862503580908516
-2.7550560572963794,18.097362318627486
-7.4340277571817515,-16.02053679216743
13.140314413714993,15.393121096581012
-18.34393485705501,12.250387187162968
11.27017110717718,9.350048693198325
-12.25545816001847,-4.099575645631205
-15.997544073595403,-10.2128071063574
18.50153188937197,7.398285110691559
-11.281905530649116,-18.60436526855062
-7.072242630560112,-21.192699874184008
14.313016747948678,-18.00341160328866
-13.638653228449568,-18.76751241546329
-6.361650278392437,21.461254661753234
-3.0696174708152366,-16.56677847974143
-9.72722276931425,20.02690267603424
-16.947665173512096,-3.2791654663421173
-0.8339701138121567,20.000453801575336
21.09653434635092,5.579263900484233
-0.6563391463278322,14.157308462419792
-6.476510623132931,18.763686282944807
8.283782775303827,-16.261788829780127
-7.667491881441969,21.218522129000416
1.268222186295011,19.414607242697286
-4.509469629667762,13.423591786290942
5.436829368210193,20.927299582830106
-15.431952155387751,11.889683872357748
11.659454444566437,-11.633041708799944
-6.729034271428866,-13.45143978988363
-8.853688244027762,11.91387356935039
-7.89409225429682,12.078470810635608
-10.270185421950929,13.266950096574988
12.022412898201173,5.436582124979777
5.139474552872566,-12.133372791339504
-1.1284273757443086,11.617072788659168
5.004820670959858,-11.383161814976688
11.12000419568979,3.0578291561455595
14.638325854606151,10.507038483592604
8.769170519871283,-14.199929246564732
-23.294473831549006,12.697764834188945
2.452558606384469,21.47008391931099
1.3648680501393464,-27.00077996501085
-22.857721359775567,1.671238786505755
-11.959604220337617,10.467339091103202
-16.90476942261533,14.80335735264505
10.772333837937799,-22.507014325756167
9.097302281191853,-16.623253434548307
-10.784680629737867,22.4354129146379
9.537138497929678,-16.99432880619305
-18.37114640258641,-12.152418217622387
13.419805662283558,-17.38425869199458
1.2816126046198724,-18.35672766934939
19.4697076442818,4.068888865327731
11.134828205255408,8.277978058354465
15.055853883401493,-0.5755831239881
13.347420676140649,9.80995232809946
-8.088223287013907,-17.021933825324265
3.294328040246985,21.69881776413255
16.298773526836598,7.816345383832956
-12.539612512053433,20.45578458501113
-8.269586095719836,16.25911125535492
12.7542715576498,21.656801702691247
13.566864665958478,13.33585255533011
18.141674462752402,15.219076219360236
1.9880140375153892,-18.893603766875533
4.807180942528018,23.389105335824105
-13.510985325560243,12.078650210698392
-11.459889478533317,3.707849758443149
-4.140027953440958,16.682855988739732
-9.99222838208125,-6.9604696194050995
-19.959915511884716,1.4714526198516886
-16.843298499740616,0.8410243066426887
14.46975771300605,-4.845816957795583
4.477110709524952,-14.68524647864499
7.6774645335448035,8.882976425410222
12.239170366009672,17.914941996067643
-7.524656186896572,-11.622797059735815
-17.455660654904527,-12.536331003642076
0.927071158624162,13.887088842068271
14.743967798954072,-15.016265721224904
-11.420751637400706,-14.34094150108334
4.7399580001849815,21.478319441619014
-15.067361131958917,-15.492512306450504
-20.346107396626415,-7.37533265761184
22.46897786407001,-5.617521431201834
-21.157323321620517,-5.068719814913564
6.9079583330960865,-21.038176795128706
-4.075991518052866,19.340829892820075
-16.73324867076896,-14.351291526597919
0.28998888288834435,-21.46504497852552
-16.463373923817475,-4.491894850389957
-20.44218559416613,7.445654690679883
-19.32278939680581,3.6786975893032765
-13.767323259883371,3.7949874783710156
-13.464654945634013,-1.9685391538326489
-2.9134232947227177,16.39945245431618
10.301678474957436,10.319715063549564
-8.508397336680517,13.70326982768261
2.2073196479294763,15.218916104267283
-9.525859145557494,14.536333412206845
-13.639798623127476,5.93771711129889
-19.09827923607371,15.448373935893535
-13.861249016789301,15.368198845233461
22.921943357981483,-7.916707543998139
10.483812326908835,-16.311429156704364
12.423489707768017,-4.992859444153437
17.776359696567216,6.133920436806857
7.979486116433205,-10.690410694499558
17.671092319584268,-6.323681196813483
10.232405801747827,-17.623703681534025
-20.999418056087684,9.034444618970173
-19.70495452781091,6.297154366333956
-2.918871703100234,-23.28180875224083
17.19827021291843,17.08658338126005
-23.856199452814252,-12.269404387908857
-22.690940802393214,-2.9827339052507096
-8.248197067458237,23.995145440668022
17.87918641249893,15.086896929182293
-9.846439273480085,16.002113280285457
14.926476699264638,-18.570616966067156
-15.011243568661206,14.038461668642755
24.683958578211428,6.571453393924091
-20.23448186027621,-18.128828954712564
-24.93633332593592,-7.85509655478079
-10.731262930808946,-25.66299609820758
6.476283611051822,22.26507562159283
12.80175015268881,-16.115979816504186
19.54392267741591,8.216937474576488
15.254716569890398,9.627469931871723
-18.404909002045397,-5.289756998685479
-19.024241673167833,-6.0542530018796334
-19.506648556525487,-4.236969195392561
-18.45190282092165,7.840608521247509
15.364953916480292,14.741573701948907
5.499439717209674,23.212564105343205
-9.894014297751758,-16.491969090149638
-18.11255052540478,9.243368013690386
19.390308916876045,-7.564581837230295
-17.05773678140997,-17.687441287899926
-19.87420860762528,-12.294703347838956
18.729567690583885,-16.63117726979422
12.019402446752393,-17.704296232200956
15.188512959221034,-8.664709973860639
-12.205931686790963,-16.886119356586942
13.890402545617498,-12.561124800576707
13.978984765259353,15.672977060210293
-16.345702882328762,2.6808314576186323
17.46986196032718,-13.141230856354257
3.305974608227021,18.1472021663687
12.927048163556497,-9.644133410443752
-12.809391685429906,-16.501602928162423
-6.349155345703519,-13.994059687975255
21.41116883529585,-2.9915068721308877
-25.013149245703953,-1.0646903717981417
-15.520594393352336,14.734019730296945
-21.5667278641185,-5.778168060510219
20.294210013172968,-10.816908209318552
12.098976695204838,3.387434818766847
3.6272734984282313,-18.44071539729525
-2.985241974992606,11.643431594556166
-15.921912843229974,7.62398261020147
-19.38602175506411,-11.005879631625142
-1.1461169563867455,-18.224913995006467
19.7798042332068,10.810630916654024
-20.185634594477293,12.187307403541823
-18.92541099668924,-0.10517073476262555
12.510545658536243,17.288163297105722
12.906204555441306,2.493788307580523
-4.619994861934886,14.78763537931776
4.817651779205504,16.817212161759407
7.687760581548856,-16.848493538367112
20.24394976915446,0.8806834521258688
16.411615567452415,-3.1978466522502726
20.611415773567145,-3.716279057465376
-13.570958770318775,8.540288638132548
-9.004231726084974,12.25543584445851
-18.49314211010744,-8.96338380662953
-16.47850074126998,1.2446705687626989
-19.86641513321985,-1.2057158647425281
16.62452768035388,8.65865749357543
1.4482257207104714,18.183510112814304
-13.21078264890407,15.680999005365608
-12.111002165776975,-14.1217810977731
-10.132786141943736,-6.899744537217508
15.739321381548587,11.178486645394633
-11.034959274227306,6.167501379098005
16.210227098305793,10.91121528798448
5.9451950047269,-16.24900693492451
5.018564469938796,18.106383283722124
-18.919294120811873,0.6624340791764319
5.922164966534339,18.32204334339907
-8.367607698634288,-16.865322663354036
-7.992547917088337,7.4806405529716455
19.40716144681336,-2.719263098569906
3.09955277418825,-13.057763256760214
22.090810907436918,16.13557090591365
-28.127414644073994,-9.19962025427544
-6.524009806693126,26.23039473871603
12.091160813516918,26.79319715745765
-17.149658261275338,5.024742486378543
-13.256139271111513,-12.778706067871688
18.923536254227702,3.560789076823604
-14.555894873147308,-13.01180058169753
-5.339073811447418,18.88576802688342
-15.641001741471142,6.5083423206571975
-20.80290243788087,-2.9546981583891205
17.827294139596063,-6.364722466735085
7.296370142513872,8.287649347776636
-0.49430297308511617,13.962929113926938
4.90665677368292,10.628430955643777
-12.980685400461049,6.6316690693106155
-2.2213460091847788,-23.47660268660597
11.451931862526633,-6.021739077081503
-20.309560800546297,-13.108322666595907
-10.464174600369512,-7.12477868562026
3.8212266226994904,13.41407336982657
12.908763857431989,-8.447608227572948
-6.113684431607811,13.327130446648063
8.017847322390512,15.112966689611914
20.949224872940412,-6.672544417951824
22.927021376738153,9.066278368813473
20.269497651818682,0.5743727218124436
11.696325123173446,18.401984381018668
-1.098751519315613,-14.379299699522964
13.3362588888534,2.1011444862509765
-12.023255448956395,6.503040446821973
-8.431539957304782,8.778084077977804
12.310045400622695,0.5425934029972849
-10.564368422463009,-12.279603684971523
-13.582105185228128,-1.286633854480546
16.408628134592675,-3.9376588439879865
10.424151267398468,-11.784897472849815
-1.5445399101580777,-15.910381894187049
15.616785314635747,-0.3540751962718099
-15.771303897454466,-1.5270264141559031
11.834959383522738,-20.017572446187238
0.3553703412843686,-24.225280000465553
20.197325530550987,1.236407987599016
20.573466994182336,11.519168737547918
10.8657630867633,7.110109989322131
-0.3395018232141947,-12.734688038072038
0.48482498803583696,-16.0796993255747
15.48842113694572,3.5549506136064006
22.804491289620913,0.7277357490266859
-3.7225403326755746,20.082655838011483
17.66158279371934,-10.741107338716999
-12.336226937551894,13.123967721783508
14.921719813756077,-3.865523067399005
-8.275137982558178,15.223221910148855
-3.793892537345935,13.826725777183375
16.632352209177167,4.0460394854220985
-13.871403144481537,-0.21098659571551567
-21.578983890990145,5.0742522229522615
-10.094348153418792,10.516848440724766
-5.627102933973683,-22.57674618595991
6.783435810152453,-18.007175143225755
-25.429411581952316,-5.1560103109956845
7.423002651757977,-18.29577255648094
16.916113298544428,-20.13957141051606
18.65252778876025,13.927687815769678
18.621726098494236,10.144281646685208
-3.070137229678136,-23.546152726342505
-2.729508777530319,24.547124182884055
7.415179468637624,-15.218112047640844
-13.692158888988336,-11.651073892456317
8.655452671853638,17.18648488436914
-15.276287704064579,-11.280561725097487
-9.479161826620555,13.765813119969962
12.901108315381606,10.98699885396691
12.926132314772,14.701780215657104
18.201797203334777,6.813231931902809
2.581322581682512,-15.389213747288265
17.433683901715494,-9.728240030658174
4.190624234228181,10.974103774036006
6.594970695855021,15.321230169418811
-12.576042442276654,-17.93884790113438
-18.480404066194996,16.485188591621018
-8.514092325588969,-19.044526919752062
-0.3537191890341892,22.68400907439167
13.186858928385481,-14.813160571749025
-14.513992531070976,13.617040360138459
9.698311592788595,-17.925383622352733
12.082568508225439,-19.59417761434004
14.063225496180602,5.772102116976181
-5.657121196726061,-13.148879031631088
-15.290673550681072,0.666021498534099
-15.565178954286559,4.660360970410173
-6.354836096120349,12.294551632157598
-13.593613958751721,-10.650544454311378
9.176369401646722,12.504045622869615
7.613429621716915,17.804771322531582
7.675602561991563,14.941907348259358
-10.87388113639952,-10.379030158787835
-7.400148835499906,-16.37359317886275
-9.12525637310384,-14.585541245961144
13.3134325882486,-18.6838689693104
-20.862141916892714,-2.7496315924523427
1.1822117864993722,23.647659356792374
-16.416845612812818,-10.824506804384834
16.020316083439987,8.191146661732766
13.901548342065412,-8.488658126132854
17.258690324620826,13.2861216259737
1.2596273230792865,20.940843539457614
-8.391869896802852,-12.7554184670225
-6.175179442556692,-18.25075778963624
-8.789160214801717,-13.265471585751351
-11.783712437223379,-15.337203793461741
-18.98460531856988,3.8132266017580965
-12.065805111099577,-18.882131681746454
18.83654191728196,12.967363671027082
13.433664243139193,-8.81273932035125
22.31818295922968,6.612179177572051
17.586320490762404,2.6316208640556304
-11.895080817582725,-11.484840225455502
10.029221303327054,15.724897410028554
15.232369935006343,6.613286711148358
4.9938533928865185,18.341179349726815
-21.599120117810873,-6.226604161661003
-11.892762070061856,-21.32006907312384
-21.875754123923382,1.8283350952410338
15.841541224368797,-17.360161695025695
11.405981920626722,-16.842634483461566
-16.199403916901083,-8.46450256272911
16.190795770178603,-1.4346737733384405
-2.2669109625724757,18.950487765784338
12.404018011493973,13.639629524403507
8.687755703288337,18.26771612123134
-7.743620256972771,12.970400896141571
9.739420662800008,5.9163971000954225
13.556322197954163,-8.727121594489903
1.7504112693366751,-11.58874473253587
9.111343789364229,21.493668692642323
-16.545199467378055,-11.68279986580085
7.346543935691798,18.373163047884706
15.627431509550455,7.436689430140355
12.214486816914697,-14.234832674470477
-6.91318907328982,15.334395787436467
7.371227684510725,-14.069500086567109
12.85339191746358,12.248239779511866
6.19634137604509,18.56969369495951
15.20297979015819,7.971417531822187
1.8646429569517127,-15.017651242938355
10.830141387751572,-15.405285286322995
15.544782810508236,17.05432451899688
3.7956306878151427,21.17181518210571
-12.400901930166487,13.996577971823488
15.755146375396963,-13.149179950432256
13.396606415435107,-13.466131394851125
15.227731705779194,-13.129310915356163
-20.575157794145586,-6.461295407211578
19.001544289077728,-5.889685128296093
-3.502858988597135,-21.629104343952562
4.57702816204126,16.819051777437046
-21.561514034681647,-16.159374109062373
-13.388345130138228,-19.131726573437376
-25.27280443513432,1.5726966256903712
-19.71244651604226,7.916044570805576
-6.501463309230199,19.695152757409105
15.778065679547328,3.5264579487647754
-14.96034948345307,11.039904358542568
-5.636834921888617,-14.243984030885423
-18.89178522362376,-4.08360943210512
0.8286812336085517,-16.397647827222276
-1.3902431236461934,-20.16992725779273
-17.066609726156724,7.415935378964221
14.20771805151407,7.6011383060926825
1.1898678119644468,-16.39457041860822
3.3537980344576215,-16.2576058953966
-0.7537291688288495,16.29222433255897
-7.6484548358696935,-20.014465084879962
-21.687629466789865,-8.303792260992273
-3.215604882562653,20.268068404011046
-19.0860482655772,-8.952841684199699
9.728284596123132,8.510425153596227
-2.125867160830596,13.951790102323164
7.965334591991355,-10.218218399736417
-13.47729017580312,-2.233347129720788
-0.11776145106153997,15.261533277862355
-1.915259365712521,-16.879583320816945
19.63618173112797,-0.02731951228453216
-2.61884640869174,-20.705893531506735
-19.486723950361956,1.2007975669006212
-22.017671668133712,-4.171397083387795
-21.572395793406763,0.2223757747753051
16.449857787671046,-17.256165281923277
19.071087580958196,-0.8744943844778308
17.96777691081833,1.312374656592751
15.281112986344171,13.15986046895729
5.938028479766109,17.21810850405169
18.44958187799908,0.951686296910328
-8.794288986988407,-13.86979382994729
18.403360201157696,0.555727051329611
-15.647122277074383,8.49708443437945
-8.552169648872336,21.042027017605147
16.933402420489855,-5.148097798619115
22.16193384497823,2.8332645052921395
-3.4643234012572086,-17.415370344340687
-14.083829529091368,8.690219815646895
-12.164288205389425,4.5021212465945615
-4.071806061952642,-15.076939304926045
5.890646778700525,11.23432918341436
5.036731535848134,-16.27273931272305
-14.879070917571722,17.84176780393628
-8.7354763047371,10.711324860313939
-12.149904491197919,16.956387143965948
-9.569692637191642,-3.8130128869213173
-9.642268092003189,2.893787294440071
-9.98516736089165,0.5768761791643474
0.862461514879045,-9.695462654570012
2.732104929620752,19.61283868774162
4.018618754520325,19.171026069803485
-16.422968494660772,-4.806913936173601
-8.717132143302123,15.310141075810101
6.968981762432377,-19.577783461637125
8.657333129147059,20.7270625909494
11.447411167946635,-14.388518894141997
15.982703082707916,15.712384452233161
23.55841983675791,-0.7508137682829037
-9.754015220787132,-20.336150268775278
-1.009535969880051,22.69422651216872
-9.455528394721659,-19.52439364120939
-19.422825919397642,-4.594876375389099
-10.576922945258607,-14.526036472029183
-18.614205064530953,5.628547452874516
-11.686212799783913,-13.906736323745635
-0.5610928377158174,-16.980428565262375
9.361924454492462,-12.136687816701773
-3.9398004869364476,17.567378197127795
-10.328564924812044,12.594999753466706
7.843674165203953,11.947075712655566
2.376421716372624,11.943768687976462
10.621112418399077,12.447057089203897
0.8992588206694008,-12.907865603613754
6.200721535930894,20.50413135984639
13.913070251577011,13.514506849248917
-21.30566603945773,-0.5115559437431784
-17.356079531311774,-0.09057478319876247
-9.121612638597558,17.651259055407586
-4.431596033139825,22.685590264242897
-11.158249758409559,15.39062365692715
-4.606959488668452,22.749755134790888
-0.23087432501005004,17.19801840642956
-5.161026262158365,-20.34779196142123
10.911544798380126,14.613291156270156
-20.102733849546965,-10.620553465709317
-15.06816098728132,9.695238126694127
15.430639737429036,-5.860758123647065
-9.60083549218333,16.563101068682265
-15.07201265437264,7.140884267108476
7.562727036081454,-22.83640841056828
-6.214387083816681,17.796154555544053
-5.577053582348597,-24.3310993744167
-17.080795737323854,-10.252523300799538
8.527643789582756,-10.363125105553895
-14.93731001562672,-0.4291839743148577
-12.564037258905122,1.9377541350958667
15.285991120251225,1.1918854930095761
-12.789488123015119,16.21778130555858
-11.737116891112835,12.824143265416359
17.448216710993577,12.27905062183772
3.4230875297895946,-17.839539298004826
-0.07523202626921241,-17.301404818999583
-4.911213668835005,-14.255749664342572
-11.466996220501887,-10.050356061166692
-11.889934038134427,4.684882845977019
-21.494533021811034,-2.2108005357416864
-2.624936668056469,16.221095362469182
-9.405836948465172,19.748316875331316
-14.052691083519191,8.935976003287784
13.116108374364712,-3.8412180520361425
-4.512655828322982,-24.541021941853412
2.6325792504777423,12.398573062824525
-16.120705155368633,20.00056010875401
-23.938649300773786,-8.46198384206855
8.471603790082506,24.684843637985946
-4.435938583353196,25.835618431511154
10.420605306860091,21.636951913684484
-18.311780215089463,10.489151642875754
-22.47809332186021,-5.210839731842555
2.4045858865932113,-22.808092979673457
13.948728434160865,-18.35931299790431
-17.745181685793074,-15.338749702774566
15.12184657249522,-5.2172242655138685
8.44434450794752,22.50005666340023
6.6201016508681825,17.24436356055308
-16.937824101331458,5.761728254623147
-0.3516860417561165,-15.79216557940264
20.417463070712984,-2.767725699227125
18.566218024950313,-6.289505319650527
2.8701843555606876,-18.373118080125582
5.232518155697866,-21.99929010871221
12.922254172438889,-15.289073020676277
-23.856452527837366,-4.107031479282397
-19.807591704576343,10.826390940980682
-20.650284662675055,10.353290897485179
18.084073210111335,14.87420179441551
22.72517819123557,1.3105559931107968
-19.991819268719436,2.6343724300255724
11.345167748735758,-3.4725607422589007
16.058185739341067,-12.161195272564456
-11.287734257966394,-0.33848039260633855
-9.517259028702638,-8.608181426973609
3.7781423464279356,-12.36489058532367
6.70860451339613,-12.001081717548528
5.545688513704425,12.893291389313525
-5.837323464367126,-20.9922860210014
18.87636470638593,-9.240024945615342
-15.815405292852772,13.94314052279937
-7.482967939283439,17.960407037951313
11.70880252568999,-18.18730226001131
12.502622440571479,-22.810294896379958
11.885714915814695,-12.555083567238496
13.70344819603999,18.246825313617602
12.59594226203794,-0.0001513853112184479
-10.271609848047808,6.995308221717187
1.8026351527573479,11.780761179265388
0.003106807425539264,11.793747865364653
19.728428332065405,-11.007009547901873
21.888488963563997,-4.85736400967675
11.101076660077103,-19.9353927883365
19.59274628710386,-11.968877333559512
8.050392894474156,-19.16631041637019
11.981162740288642,-16.736961211401315
-0.5224315208288345,-21.60499641765123
6.642280506470268,-21.308189287848226
16.624844803443594,-5.857054060290654
3.860445419814122,-13.476990903701324
9.165010419589864,-16.11560044120757
14.110472581585828,-0.22877495198337827
-19.46484520578834,6.85980703171147
-1.1100167244725108,21.27207430521358
2.8191040342681295,-21.555916423144883
10.01291649154387,20.228757226417684
5.319794077865882,-17.2121029695889
-5.5802151894920105,6.914769374213806
20.001746844620076,5.287154753934584
-4.140375449439646,-10.11502684740501
-16.084311035397974,1.6210793093878682
-15.816792128244362,14.362278161001461
19.340578542150844,-4.805080868715276
-11.360243979508336,-21.052641172244165
-17.027627860381713,-9.169134164728403
11.988268258694568,6.499101670650078
-2.66776205292059,19.882536492695575
13.481034735673461,5.0861686769364685
12.23953701805272,-11.218037296918842
-19.110049749285405,7.538009650600223
-13.64357107426931,-8.6394864249039
0.15466365217419684,20.219866546443384
1.5732213708283103,24.502083811076588
-16.66401707467123,20.13067309508891
-1.0598228177423468,23.60305749616413
-19.08599568301958,17.406995134740047
-2.835301668425739,-13.478280929204443
-18.698791761713384,4.949062977027701
7.080574524935975,-11.964021764520217
13.694394056365477,-15.960881768892076
5.084222865577576,16.57986714720391
18.17359495695112,-10.021520918164512
-4.623742996595997,-18.553169776290527
23.124644250465845,-2.4327460995758323
-12.8555323792212,9.050616754378611
10.246270133464229,-13.02225214192191
-11.267562348189296,9.116683418806394
15.058370802845815,2.9736841516074377
12.008433643762208,5.209659715374799
11.994216146792128,-6.402333670027113
-6.592560820339293,-11.264610325811754
12.280264168847232,7.200486424011619
19.413933411012106,-1.4522689579657648
-16.49982360490477,18.397083995082514
15.726107023923868,10.3916694296723
-15.20007364615027,19.07160330866495
-15.49905916439516,10.4287703735815
-19.09356452762737,-13.540786738530471
17.574861540194167,-8.07516406724448
13.179013951031095,-19.544127328608347
-18.686810732186935,-1.4022632803622002
-14.759936538758472,-15.425865170915637
19.455890610877574,6.755944132462983
9.519297364343759,20.139811680883543
-17.533607667268527,-9.771145619613376
18.2045443394258,-2.8069850404711767
20.034434620007943,1.6563365986941034
14.703609602348177,-5.412436008257759
-13.00978307406615,17.520241002145685
9.222255782071919,-19.465935178395828
21.32509599036699,7.392119026031793
19.06645117003873,-6.832918573622248
-24.614728489487884,-5.1321860768109016
-19.951259134542415,-3.042275225960674
-23.33538521581739,10.912370568367942
-12.667221584303245,-12.472347369770585
0.5927929907521221,-21.269439965373085
-15.806996749871352,-3.02401354817895
-19.6263334185975,2.2877804380174482
12.893170724018674,-5.110092178546718
18.291465764469898,-11.198486347936024
15.01139694525317,16.402224685476995
20.578656056698033,6.9759744894848374
18.7452371785923,12.033759591733878
13.23909770793424,8.963772564982222
-12.438130226878254,10.156533474002435
-11.014585602874734,4.948920321830351
-1.9953164430507444,15.447383282183988
-12.441577088926028,-1.7458354103159501
9.916625526041642,-6.692209761556795
9.28095962949122,-7.322507244387114
-3.3229056647843396,-10.72354124519605
21.883475616165022,-8.031952979073061
-24.254977112113618,1.1345761905800908
4.615928108761568,25.027459856217607
-10.109961589425438,23.97712826998392
5.334500997667828,9.430773362044128
6.238400698998598,-15.61961392729078
9.038593399275335,8.49549841934222
-16.66668590130199,-1.9345296271700958
-21.60766296878575,5.919626135906479
-0.9780600150370756,-20.55585695376509
9.18335663896749,-20.68558615898885
-17.235046566487302,-10.0999361490153
15.321172056412363,-6.823553277395935
15.100762491688368,-3.4449017778859434
5.935373569499984,16.53962714258398
17.130009779416795,4.221950002276454
5.429371073651435,-11.969548090086981
-17.13926707656678,-3.477676495871062
-2.100542998041212,-12.101131304563276
9.881309279640275,12.205645858766285
-15.51160545759716,6.825959750600084
-9.90259701624646,-12.800284134548443
-13.128676874740933,-11.310189346958184
-15.111523362410894,-5.910540632519174
9.59060842450448,19.52452986288332
19.685115267973398,-7.747840556295268
20.088339381227303,13.195442245183608
8.264655735201625,-20.89539083037756
-17.28206177212126,5.465805163184413
22.02626279513867,0.15541333124348758
7.108826348379314,-17.631614369891956
-20.505744536094063,-10.713681177001847
-15.442460895897456,2.439130947607325
12.102820331810488,-4.430459906947524
17.48492294083478,3.2016969118966174
-14.258014508664441,-2.6987249554377213
4.966836163781734,-20.538554561031876
-15.07207102745009,10.284212657709345
8.38529851969971,-18.321174359563983
-13.353336081361537,10.069208745264817
12.775124662647551,-13.148832064698274
-13.798867004640874,0.4830314657560479
14.47513072742081,-14.196331704315918
10.87911144644364,-9.846579500656098
-5.25892460530238,-12.860506044640692
15.954018001028912,-9.047887084080218
17.05761891534931,-2.0635190997210886
20.863800520741954,0.001414960702749401
-19.858774470722864,-4.818120252161715
-5.927940474624858,-17.99408681507411
-2.1682186227768234,-20.194744861315698
-6.325135860929763,16.003789286387953
11.20061254944958,-8.458983232884854
-9.134650633061357,-6.685196149562544
3.2407485100588813,-15.678684400162505
9.653298029171616,6.23381159597003
-14.910684289595938,-8.263607021167365
-2.00281077816701,15.934395091586994
-7.03073096720666,16.94690367813908
-17.07652556697102,6.657182408038261
-3.518713264177425,9.157902653680377
10.634256000429815,3.5429643015309797
3.5607011146311076,11.891801222164395
12.456490414495107,4.005557081109085
-11.594806427433179,-7.125982599512625
-9.637970313423148,7.695640947361921
-5.011738030291882,-17.36182665889262
14.365891424906575,-3.777251998896407
19.68208447597631,9.904343282041264
10.163388501482826,7.417490050249625
9.827705303050708,-21.246422491686392
13.772625098348428,6.718264329958632
15.434414648435068,-7.042730650577274
-20.20861912702502,0.6229443625874795
-1.8368871726637095,18.629888251041518
18.17466669853943,-4.444588212984151
-13.570177056748696,-1.8349027944983458
-4.487417666655323,-16.318000985638577
-15.752071136590002,-8.96719559118475
-13.424023733350834,-7.698311688952597
-14.02893760427468,-13.728831710246423
-18.83735723291454,7.954333960289012
15.576817545933894,-6.463230325431452
-10.019659871110692,-11.192469582279411
-13.716877556696097,-9.636956103241202
11.97261941715693,-12.513580881413123
-17.54501378738933,8.93468959802506
12.776208054460115,-15.480418001369204
3.969397076428286,14.975811907197272
-1.5545931995261761,16.569227608064708
-10.07957917079774,-17.97996433770142
16.102311898799808,-4.90430719270625
8.417853162064924,10.743407437078712
-16.29179853717146,14.028835132636788
9.529499704266284,10.718348620372787
-10.720588371500149,19.146372655348408
-6.681197783306835,-15.407961465440378
9.866150735535388,-10.682960114766171
-6.786187786400866,-19.161653125082537
4.55030234074968,18.149142400898917
-17.650446291630047,-7.37807297973947
12.218361721369,11.149631649675289
-17.366945594281038,-15.819072755159786
8.681191377307677,-20.106306506794297
-1.3162183328445152,11.96418330831148
5.943959583673397,-19.331709360592544
2.1507866583653095,-17.161593517207507
2.909474137083057,16.204425654640414
2.5802595538701327,18.17772037664491
17.132507166558074,-2.442846439684305
11.81994569330543,12.52068977738408
13.732626015807067,15.061040678880104
8.182463762485988,13.07399883966068
-9.983141330002459,15.670754280353634
0.15608238573346336,-21.535505755058374
2.667578909763272,-19.66865339903339
17.849756000529815,-12.198108405932073
-18.54507707747126,-7.620946038376942
-10.11124593390522,19.93083547692048
16.321715771527316,14.404048941514716
16.40475056784189,-14.584754992721798
-16.047447590705335,6.3270169597290264
12.31866679715466,18.263814913090023
10.735932262465646,-15.15368608057783
7.724623603235611,19.464154227534678
11.443618814537093,17.026242184963664
-6.213780415365902,-9.33544232463312
10.203745214811788,-4.008544057376298
-3.6843431521436187,11.477929747326359
-5.665046009544415,10.727156048222437
4.797396385557843,13.767691241886416
15.333315534825939,-1.112012734262664
17.018292712887146,-0.5460205729948412
-4.988045121366557,15.563753982173896
-0.44196502370733454,18.59892484268889
-3.0475371629278203,-21.6513150681609
-5.44192678972954,22.404652367244797
-22.671827265539456,-9.158151509229839
-9.43914726369261,11.472125396677596
-10.920226936637958,17.963529899663136
12.377950558093513,-1.3160543581304671
-0.8104373129092656,20.832740622048178
-6.674545125854108,-16.53502887624839
19.996670548136812,9.375847596174214
-6.381588411599408,-19.185080119193522
-23.387083172294666,2.516241111996551
-14.075655636049504,-9.6621452245241
-2.5745296339266983,-18.696700583014632
22.890653628312677,-11.759557922612236
19.152451923953553,-19.576513796248737
12.55666765144395,-11.63199758039104
-7.018296298892617,-9.227382472004575
17.405466261632466,-4.9998810572386345
17.996774794438647,11.205377749296618
-3.420353068874952,-16.65791535962782
5.925683000479762,20.553231686669402
-10.20306370894277,-3.8702747462916367
-18.444344792195057,-6.31189789694498
12.422678212597788,0.2650498718742646
-4.4684079332098845,-20.317675847269918
3.3266448494384786,18.845299684682715
10.633845085353192,-9.858795561522356
-1.3248023748818658,-12.43861861408783
-16.769494969048854,-9.328537452348469
-2.432895086968731,-15.903016256540532
7.037430192100541,17.860449967825037
-11.094263979449932,19.612950336257782
-13.209622860181371,18.542875051710443
14.655395834035938,-2.102482934710614
-15.590013091715832,-0.6179152673171435
-12.820188872955638,0.5090407360227112
-2.8513019582192336,13.433178922201025
-0.6806539765225964,-14.910687838570688
9.210160771988965,13.960499700323068
-7.216957974849405,-10.370229159074892
7.136603111932318,9.889463395807727
-11.611928260256327,11.134555130368769
13.606937122289764,0.3204429611682303
13.736485886814055,-14.046130673866456
-2.5828790807448825,-13.900244566794612
16.44951955192895,-10.770495221600733
-4.913700100191198,-11.756416547853535
-12.395801023002186,-3.2016930356293654
13.431065761086993,-2.2122652168334933
3.967791515188407,13.486710032429267
12.763811814412783,-7.450645840665497
-15.821101733510595,4.067874159075112
-16.32922097494511,7.683471295110817
13.659981651281495,-1.7943086961420478
0.17722892363705312,-14.649573233615168
1.1341627959634344,16.493754654479684
1.8508957826846728,15.535195863000652
18.296916046723517,-0.5782547077662892
22.84438830783428,2.8008338216508752
18.535761614397433,-3.8583978314790723
15.011738921765948,19.389103272806135
-3.434623614716869,-20.64360761127893
-1.6849036390352972,-22.002620349383974
-18.264108469388123,-14.531485526333563
19.00498541998361,-12.77470773497159
-1.9826854606356406,-18.334346163804494
-0.42742666486491215,-19.107132676021678
-14.664646872213154,11.735744884374098
-3.756979790586238,-19.929929370052836
-3.461212938177242,17.310412415096657
4.29082803723864,10.333327443247306
-12.3233613114281,10.745343038995964
-9.731225928663614,-16.175856834646776
-10.483433380198145,-14.961748912129343
-17.644391080465137,1.4077995439973652
3.4030442608148075,-9.88852965799366
-10.858876797053327,20.47513601009488
3.916816585618858,10.4855053611175
22.111797697884228,8.815408255706863
-13.12882074596969,-5.333380987564835
-15.919426445276113,-5.3298756877247335
19.91995684442135,9.92703258336538
13.275794967644972,-3.130133730412616
0.49003331686121704,12.191853775618185
11.524706224463971,-3.1958188532630345
9.833755559934053,7.0748594119414525
9.176480328536865,9.347834176035912
10.682834744735898,-6.907902492852699
5.523905514462452,14.819183029887366
-20.54420176129918,-8.442526969156573
-2.1068185065817686,24.5243971178886
