-4.791105887778471,5.936987363108208
-6.55279303297704,-3.0838836116349615
1.8409626839026156,4.165363039760716
0.5533760156039531,3.6703318638576485
8.248922069953384,-7.022415761922998
12.820071192475504,-0.82815895386679
9.703491050994442,-5.334607085764009
-13.329209284930737,-3.760582965172108
-1.2078905806534599,-3.1635667662045623
-2.381009714376999,0.9963605492899169
5.888421269156378,-0.2107946171266992
5.729440551953246,-1.6730173814894438
-0.47329972863614883,6.309190367210044
1.7572133364478275,-5.59617474944031
-4.9053749860142215,4.978822869434914
4.8161441723932885,7.068241624091726
-8.521759663698482,-2.7184934541685903
4.709638244123364,8.187249793216212
-0.058121295095385675,-11.628334753816077
-7.236489497011642,7.935306233688974
8.475852780642418,-4.661040409726282
3.1677415076197546,6.327585957000456
-2.771991635196303,-9.798554705284454
3.670425068056078,6.609986982610004
0.019027128952218114,-0.13788537811590498
-1.2790671382099987,2.8448083784629548
-2.40033789435538,5.010889159571037
-3.3384951921193466,-2.6341001030665474
1.282576908053069,-7.245901887769753
2.562711932709537,-0.1840606820186486
3.9157949406940546,-1.8707866333169498
2.4930917397864483,0.4223767205536022
0.7317359276837117,2.6917308528186528
-3.5162836827114523,-3.947412082606964
3.6613719457604934,-6.725524215308469
-3.6473785317893266,0.6470596312867763
8.886991705769416,1.5333080022698002
-0.30447442800210134,-4.29314127836991
6.546370771556069,-5.986908059973024
-1.1195836420349587,0.3545972546942319
1.71143852412069,-2.5636636713871135
-2.4156433434518263,-12.436137113745124
-4.1916076249617324,-1.194714272426874
5.8086396468639165,-5.421900883839062
-6.962767033157246,-4.042591170183158
-1.5555909814991289,5.4880440513432065
-0.9725135960334924,-2.6747933672210484
10.083606407941318,2.2377834885601513
-4.081734509109091,6.754708230236813
0.7900136884996848,7.393535344622917
-10.142393782535084,2.5542584881126533
-9.624716598811379,-4.938519725943213
5.677664205981649,0.8243359880127303
1.5417860799961514,1.0974446767771395
-3.423225168496971,5.043730585157483
3.493698449631301,3.2557156590397627
3.6972107173552455,1.1440808201437522
8.613082563175583,-1.893571519211012
0.45619342822656334,8.59950591813995
-3.993982753383471,-9.945609561389864
1.8107566407878029,7.141218988471234
-6.302587991519188,-4.203795715707912
-2.894416763339462,4.360898598886714
7.421419008276693,-5.414676613714139
1.9444800868180534,-4.625053653163342
-5.250723574019787,2.043288308322604
1.5695304903011378,7.080840013457723
-6.8891217046840705,-2.2706703305769755
6.878357667169788,-1.4828316936817936
-0.18132933782125052,1.1082676934267963
3.4908517151325276,7.413937693514989
-1.101509184076377,-1.7641306908531698
1.9738542464372109,-7.252521235219324
8.813156269850687,0.17379084288960994
-2.5644337279724057,-5.973413494723833
-7.7645511723236735,5.428697783369685
4.661773399060356,1.2362133696373392
2.4621165235989,-10.400367791047346
-0.6645322941760056,-2.2674225820259153
-0.3603363384166837,-0.644476095119239
3.127749984748553,1.9076945111047305
0.5283709404846582,-3.34028467409286
1.773243906988404,9.780682601489644
5.309398394075685,9.86171169172032
-8.517628641729333,-1.8778182943328094
11.488169769391462,2.2066448847540867
-11.158645110000766,-1.408272804180298
-7.070093564268563,-2.7029275762581895
4.894344446781111,-9.111756545699306
0.6471769577498135,-2.7554320669342953
-5.002526732410607,-3.732171306608578
1.95582775557857,-1.47780667056945
0.11374389412591544,-5.434238124741849
-2.3528379872629768,-3.063286072539983
-0.9363368797048042,-2.051915483786703
1.8577061886966761,5.303700168186745
5.236147509480582,0.24949579714174475
-5.159170903119844,2.5738668968478615
-1.3928887655346285,-6.420248309188518
-2.885545062952568,-0.9531554624292552
1.3604524315198403,-6.3992745257770105
-0.07256664927929289,-7.649466570054243
4.035918480598799,7.986576287738691
4.074364891043283,3.1868982284069522
1.9761506245291245,2.7685797691090133
2.645436968141022,-5.219102183634689
-4.911253854336466,2.8790433018925476
-6.879601793548557,2.5426079760937355
-1.668824289780992,0.5925383860816681
1.9352435199068097,4.344772611697864
5.912212085428662,-2.427103669976842
10.603042342881102,-7.769272553910466
6.864952474629928,-3.803468265213857
6.278889216541713,12.111408613138526
-2.3754799328055323,8.769004929316024
-6.445014476489525,2.6254880836264607
1.5073839616272315,0.12881547781700162
-6.608968322466625,2.3461593644745147
2.151195430925763,-10.667957593564486
4.37169261767366,-9.966233013698023
5.19747635829087,-7.091605718106141
2.656253618328916,-8.620889499855096
1.3773424871115187,-1.1515559765413488
-4.785486754288729,-6.219455175374486
0.2431498776425633,-0.15905212640310798
-3.0232475266495666,5.628589808704853
-5.217784979701365,-1.8152831765333342
-1.0626091461792746,8.296632051370597
-5.631133166162805,-0.4716666804934403
-11.533083084629633,1.3111515736861743
-4.356669096262335,-6.356565930130046
-10.215274312754925,7.5135696238832645
5.5072300843008275,1.8958927341479126
0.8564390854242493,0.46897071189433537
-5.561641429405743,-8.999107441798465
-0.07555144272099233,-0.8817554934951225
6.839996467757087,4.456909352793134
2.3380416839987563,5.037382152596459
6.622934917636592,6.191565618325449
-1.244056442137502,1.7415120407179339
3.272687880524406,2.714589537024484
-0.255346877989101,2.4253124087143285
1.2970319949497144,3.56082770309219
-2.7329227974791954,-1.9368311074864728
-5.614476569178373,-1.3869016107344894
-2.048464022303411,-1.5820818724814785
-3.1147009093818245,5.237253752716129
-0.785145714964732,-6.871306587839779
-8.515605333981409,-6.636448428979628
-2.0209034729470066,2.8337544575478772
7.192838501140072,-3.302451740466456
-0.11341089087473566,-1.3992518421816869
2.2139624165680107,6.420656103594064
0.020189752108370873,-0.574863775488804
-2.7342015931612633,0.02770299653246204
-8.816844433172767,0.32750863317436846
-1.8948489189106066,0.17932819430825547
-0.10873118583963126,8.601092580834356
7.897205809973746,-7.857173983233711
-3.6803296463448576,8.181796194971477
-0.6469608822292864,-0.03920920787627908
-0.9097517677338584,-0.24717360949336986
-0.0607560095056416,-0.055592585220992405
0.506996187067591,-1.2475156591733612
1.3571852185081634,-4.420215956498323
5.523303803775744,4.543758014438824
2.470395227839074,2.6492952511243564
-1.156454639682594,-1.3261824634413604
0.327699817394187,1.3475883275898566
-6.896833739376842,0.5090989481437422
-2.9891511332011813,-2.6788622213220306
1.634948712046431,5.234566760304466
2.1556122255401284,6.2726778740495845
-12.37843215754296,1.841752213841051
2.914997780279912,5.133455018973084
6.692444037294803,-1.9851863952446065
1.0352066749202768,-3.0132034746883485
-2.3177421431934113,1.1064337073897623
-3.790445346871631,-5.589138719453163
0.511166373536539,0.8827585124815491
0.02828748268051675,-0.062487442345744014
2.9422388742512546,3.1828694030382128
-4.555521635361304,-5.137190012558665
0.07480954815553265,-0.018526571284472784
-3.378574466245636,-9.496570309816002
-4.765513268105371,2.4284634084368717
3.202014878201891,-1.715914553488674
2.632068324611625,-4.3933686177363
0.07397454329964218,0.1757033381516074
0.4860607747113584,-5.713975700200671
-1.6625698529573536,4.634947235765528
-3.756623184350519,1.0128709497401565
0.36780775730359383,0.612365468698726
0.8606740542748442,0.8456414123851881
2.5883735686306046,1.323700278874296
1.8227756873001821,2.6090624570263476
-0.9551652954668943,-1.0333635253398916
0.890970874492748,-6.1460658851128755
0.5543027539763069,8.252985696409736
-5.57931323966892,-4.4989224028459605
8.395162075302368,2.2826605794348533
-4.6849024016135346,7.011339733604227
7.722641086468876,-3.375167450670759
-4.923477798118638,-1.942093768755492
-3.914495145545245,3.632785340508329
-3.9024440949867563,-6.625069065336743
1.987624958067354,1.332559552971011
-6.7932787759725795,0.465879391953829
5.28612922727487,4.810282689783569
3.056136326780675,-3.872833802791004
7.053208259700174,-7.776627233590264
-5.185528359581029,4.810238679766131
-2.7858103733073434,-6.12245102492194
5.02614448820514,-7.64570537661951
-9.550127020616726,-1.294568750965207
3.8162432203860552,-5.083115646578758
-2.3930405274329156,-5.601734146167199
1.764399569342423,-1.1441992365745193
1.977836181908885,8.708379222477015
-3.1367827783139703,0.6391782764403118
0.8302483475246698,-1.0268571531237598
8.736751653105221,-1.1880826690141069
4.384395702423706,-3.1178700968642663
-2.110523875021578,2.149951636503579
-6.128513618257601,-1.021160462774702
6.200630908137224,4.856017485777745
-1.5106039321455456,6.433643886750613
-0.11271093829029444,-3.289934707470906
1.0376353283186386,-6.870803329001721
7.097115068538127,0.17890583922886213
0.4080149240183717,-2.081916080748835
-5.231500468648363,-7.063216229922635
-9.846079364354887,0.14812997573815861
10.535200865398036,-1.7563196675615733
6.060373387547904,-8.004836131301168
3.038926999315666,0.38618663302912
6.324431175051906,1.601121632857468
-5.390527743829766,7.961137485745901
4.363028017437933,-7.829742650789767
-2.4303369361083287,-1.2091980495397896
-6.345769811649925,-7.447324382218645
6.389180878379076,-4.954484629411071
-1.210315195863083,1.987305598357354
1.4410856661006788,0.6470961661540441
8.204443281526938,2.9147385716374745
6.221760233564488,-9.111654184637397
-6.066194128599639,5.872109983444745
-1.682286329083381,-5.400729685818331
-0.6058479768014978,-1.8971602781008925
-7.570027477017587,-2.095907613164061
2.6783141628320397,5.235706216213936
1.730375282170688,-3.122560995184982
1.8675986261151185,3.641928427551785
-5.346946881041231,3.8462806094177924
2.2191642366459297,-2.3953936854398616
3.7654028293231323,2.749884781281614
1.731000265242561,8.893185087959314
3.9070227256444743,-4.005350520565735
3.775421746076768,-6.404800424337261
3.090483067267749,3.7827978568369125
4.336111941446467,-5.168855181045593
-6.849370654691455,-1.043528997904174
-3.6625866529319198,4.607603816087339
-0.6942752458799326,-0.36694944141760083
0.012097608151962756,-0.28302297506640284
-5.602219468561745,-1.9425843967030916
-2.49110038419468,-0.7512323334982856
2.822248160165116,-1.915604715129549
0.7055451936750498,1.9996244041721978
-1.9844008917516371,1.7614862297388847
4.966875270904167,0.7173905425118443
-3.3314741479502255,-5.451641364800082
7.2258019693948565,-4.643468870395052
0.43113835485714924,-0.48796829478563186
0.36580117849673466,10.436226321599998
0.9676805881801178,-4.933112656640302
-8.038649193433274,5.94895504039341
-0.5033521835577759,-9.933611200614628
10.666472586789963,4.294508915726863
-3.437067327214738,-11.148620367619511
9.24415362674013,1.5210836500735643
4.442303689294244,-12.558061705077126
1.3368748243798152,-12.875156709622816
7.211901579325318,-6.661463827928617
-3.6037498212418297,-4.090926959436798
4.204901135627878,2.4503637127591467
9.831326857369614,-6.476401217630981
-11.694430711711117,-3.293801105230363
-7.547793928298479,-5.414738845382675
-1.7434995852566675,-4.611752641886818
2.965084873744231,-2.9870164713263483
-2.559265247959784,-2.741640358837894
-3.4764092955834913,-1.5264310501821357
-2.4986865457226815,-1.99533401112008
-0.07354369162745872,-1.9627218548818872
-4.26921566499001,-0.9483977758076898
2.892303310944379,7.330700166653065
5.527605528122328,-3.3150535136204846
1.045358491589778,-0.5012678324434244
6.49254294426827,-1.1077062899881178
3.223844900289303,-0.3803010613785425
5.374904727828262,1.6917019193395437
-0.6626776614003524,3.0703113256131127
-4.454121817674946,-7.1274574764287495
-4.909759274542169,-0.2160871839030741
-6.8093029832384335,-6.640720519017684
4.152349398049309,1.8290784562681406
0.23079893804011334,4.5555620263274506
-4.859632124562687,0.8721521353810162
0.9717855300450304,6.127996240434356
8.066893405903937,-0.3320342420967662
-4.399386289231863,4.170104175231626
-1.3930405484992516,-6.900420280944995
-8.094067714659795,2.0456316393828002
7.20907209955153,-1.9979970201770583
3.200398676851261,-2.5671563783421623
-0.7326099843327272,0.4203749370748714
-6.537632530206674,2.0929703417452012
-6.153450197913813,6.754076997929826
-4.412460685969566,5.385673396915015
-0.9278665556390532,-5.0992462281263
-8.069621100239521,-8.058475740088445
-3.3249453362242423,9.912362535434696
-4.565646121486655,-4.134554686758984
0.19275857544155425,-7.0495147919477805
-4.319207860028327,2.163293063506586
-4.891504638116156,-10.862433676654012
-5.7445032323668785,0.5577336794825418
-3.260928008887756,1.7278275854226566
0.2547406670044999,6.615580847699898
-2.6418102894027515,4.404857573910614
-5.275109587635816,-7.456521885745867
-2.1304615715255193,0.3519981115551875
2.0701144027480938,6.874163226634655
5.905936690762471,1.8620462585559294
3.8185137918973613,-1.2191906730531021
1.5572602228113088,-7.3421407662204325
0.2237512227831993,-10.665649824839246
-6.202778394579619,-2.2444174769313627
0.40878894140000666,0.180277822780566
4.533248270484741,-3.893008941085191
-4.128655480105443,0.9551407925221176
4.653591116521188,0.4080042920247597
6.865455092100752,-0.06743015994421316
3.972742025519232,5.009464990765988
1.958360028851786,-5.930522644512696
-1.942812638908933,7.395102776182275
1.6623447950657955,-5.896056339679027
-5.811390364385628,-4.8028045930399825
4.719195439779312,2.3541130599934945
-8.245087504688266,4.81309087155136
-7.26310610910995,-1.551961378551365
1.353187760235679,0.14028375995345574
5.135367453745079,-5.670065918556702
0.22198920553522333,0.22910051303936058
-1.7756699084721155,3.306040495966692
-0.5184306994743956,2.6182612987555838
-4.210313922338747,0.4193404249406995
5.343549589325998,8.704526602861899
1.524465747611556,-9.330861364508618
0.3220859369495097,-0.36392069353182144
-1.3870505744024892,-1.8132083642287355
4.712547591767182,3.912958632556315
-14.200270810894954,1.0946389299884576
3.3638759445660362,-0.04790766040962284
-0.508937579005411,-1.5521335640786627
1.198925822436406,1.072076551913707
-7.7805109097618566,0.805310823988292
-7.5532552280004746,-5.221004061395601
-0.724393818458487,-0.23496086939923405
-6.056561855366952,4.2592117548340465
6.9801086707115445,-0.8915265137873258
-0.3023794657368545,-0.1963469116918671
6.541242786685468,-1.4218874507341002
7.231648430420114,5.731250614796871
7.602172324538003,3.9320065610020025
-8.594077126877027,7.60891020240817
-0.4453953662589425,0.1033080837152835
-4.463163406763731,-1.7779759954846504
6.1213102324670325,1.0855445150078928
-1.0678205405213417,5.589517237513867
-2.1565090341926347,-3.488920162017559
-9.532808780220419,-2.112851119762022
-10.16521679680718,0.16704545753592226
5.8117867280731605,8.99863467566378
-1.1914157038526287,11.817835365105074
-1.9940922526283322,3.273904856686
-0.8238392570518148,-3.0894435000020444
-3.1264900797559814,1.429492043284167
3.37699639986914,-7.065723752523521
6.086734594729899,-11.006979343709222
7.441994999836726,1.9322159155039589
11.998253175458716,3.6314519360193533
-5.60296643799776,-2.7165561728779606
-5.805459869955568,0.8319950930825711
0.27118338456375546,-0.013009187445916585
0.7536071567901194,5.230378226143737
5.117474930647647,-2.2430116625634517
-0.1837635491870247,0.4291664644932662
4.427491861084225,3.3361744222881295
-1.6808439467226182,6.014135557336939
-1.185192894757995,0.00831618347329299
0.518266117876951,-0.7531702743961487
-4.72320993792782,1.2705446582543884
-0.20402978077083306,0.5989710111566525
-8.226297769472328,3.647280460134901
6.186299266778621,5.13210148942202
-0.32068587286865063,2.9584992458989596
-3.4131145731762165,-0.7632795219230669
-3.4817051775438848,2.115310964447239
1.0319877220853384,0.1843368886254452
-2.644937622378388,-3.026093713863795
-2.021883761922544,1.4675941509247656
-0.6927023611873633,-0.758015601547711
0.6243801977730437,-0.011363003386639236
-0.8868529449294318,1.230946136902238
7.652766735744057,0.9285777633649163
-7.203068860775048,-0.008436709558628668
2.575596730031907,-3.061175847235918
11.956479158427971,2.78711888638543
4.2246616295442525,-3.183008088104159
2.3487872527400597,-3.063504182554485
-3.9346209519251305,0.5413772638302575
3.5045793812045223,0.8611160029200053
2.8851081884964778,-4.1484680259400095
-3.0194372763240156,-7.349647727936738
9.230765658524355,0.6576478534127405
-3.750033497487892,-7.167906862809355
7.767474128601457,8.167363024054412
-10.084226902238017,8.810885993591375
-7.709169060548231,2.848769079798762
-3.0565558568067206,5.003071567222507
-0.6825660422506693,-3.245173936127524
1.8957607647588874,-5.2971245186891895
0.8812534904883854,2.0686666764220436
9.82498120817421,1.2397332603968862
-3.453372606741943,-1.3209244989899993
-6.138733259004463,-5.826049111584608
-6.907163802261498,5.723934587641062
1.1112992251499403,0.7465124295294482
2.851952994326292,-5.416599523535142
6.145428938618438,-0.4851353295184632
3.3332257874714593,-2.829612750133741
-3.017856105395738,-3.1962719114058444
-2.40592412214283,0.7394252743346065
-0.765189270436536,8.358551103133813
7.416863405529991,-1.8457095826542036
0.021106410416564806,8.04729508851052
-3.0883559507568688,4.2081608837878886
0.700803080045609,-0.30992202170840777
-3.762050879754129,-2.641876814719698
-3.996548065361522,2.8789885851115997
-7.515842841895933,6.961120602640651
5.792650804730814,3.518127562919533
-10.87021633018686,2.1109443806804444
-0.4497131122880362,-10.918605186347317
7.211709000247521,-7.663778791900871
8.214633899019242,5.479584581468373
6.950318359267811,3.7366238417348425
7.810309776873237,1.4432612012336932
-8.967963288599163,2.3686528553740738
1.8819395400129462,-0.0342324414999423
-2.701683504786536,6.797173335362864
5.610259479494098,4.037295648985789
-1.6486305729666166,8.888106341923976
5.50773991297084,-4.937921553676019
-4.902864821260448,-1.2869644363289583
-0.1663115325318971,-0.08421365609924296
-4.144403555609298,2.066875059885092
0.007264988568071593,-0.009554120263307299
0.968802939810728,-4.021775956087946
-5.962463574357898,-4.108616709108785
-6.154903681486409,11.351525645968348
-8.483683556871197,-3.1975265141177935
-6.7125062235678294,4.0223521515037755
3.8117760107000005,6.732893772648298
8.796753811448978,-6.162688469064324
-4.607330744607686,-10.134166479624293
-0.7231962150826408,-7.570225376650452
0.23228019187596688,-3.946331991629171
-3.982973964244675,-0.5883916118798559
-2.4235649473959215,8.04889446658162
7.554715515309112,2.9675174775343867
-0.6779940441016584,2.9506123140332905
2.24848135098988,8.822633667508445
-8.395325751992193,4.626039192114024
-6.170382764252056,4.667928274117289
-0.16753424540135797,-6.289188431789062
-0.1478169973505118,1.0616173581986565
-4.012596005228274,-0.7640117038405237
-2.928580036994104,9.232120777445164
-2.852528624903233,7.292624061638467
5.113731620693715,4.618235367537527
5.6625754415140666,2.5793824493995223
-1.427509029645113,1.73093063677046
0.8784739246183713,2.339711635022789
-3.7553673997313606,-3.320815217221899
5.456510152734559,1.9963468100293267
2.4024253151286503,6.939288114808972
-3.335610542022436,7.519153888167073
-2.6313847466202507,0.8223099438298256
-5.256517797999877,-4.929837251009635
-4.917827049312967,-5.100634146410581
-0.793436825437489,-2.814377884811216
0.5236150249000397,3.3025776080208873
1.5773966721523782,-3.5573909335278615
-1.3709876588821666,6.655165954545609
0.2841300189522961,0.49886629970689467
0.25062922751729466,4.765279821353762
3.79397732738858,-2.520390279550101
-2.7436933707526374,-1.0160638180660104
0.36603225221224406,7.135091518435748
2.365802549577191,3.713507670282599
-0.21473077608865743,0.3425632347062013
3.169719540711164,-0.6691023598491892
-0.14629900131467796,-0.35001636161527666
0.011117223592614979,-0.3986002201402577
-6.751939875678414,-0.5755260937795019
4.438307716478504,-4.292170431102965
-1.027781014181889,0.5837757681643287
-4.262217863812896,-1.661693538616496
-5.343318789456299,-5.594374285078819
12.887615134867326,2.9587602505835067
-8.504767578878372,0.9385259318520675
-1.253353925458428,-5.78643830106732
2.9304557956929433,-6.3202933382752615
-2.975547508289224,-0.3065397118956018
0.21444321145197878,2.159432563564947
3.4816836138437006,1.507342214690104
3.6104065632908977,4.041451358544098
8.511823665848468,-2.6714376091287244
-1.2097336459176773,-0.39544744465586684
3.452978824843609,4.784153259306376
6.509844344581429,-9.266260434183614
-0.6910151097360491,-12.327556961553702
5.413416679617246,-4.123130819768061
-0.32498802629705353,6.7492890223363435
-2.864134163851888,-5.960494581067066
-6.154418647764675,-2.138896232507584
0.799414553991648,7.710207047682055
1.2747999750470345,-1.3486303835705595
-5.419737146860616,6.339592104953291
-1.8900450798448132,-1.7495970154306937
1.3131830364567794,3.1246831121931864
-0.2438563640988558,-1.1212747892017014
-7.511447702202592,4.222278958437049
1.0564797754833262,-7.663667131044136
-1.4710107513876554,0.5675290493808184
-6.500792839597053,3.8755310891444954
3.799372245373553,5.7470581589936565
-0.6115153212139586,1.4695837909606528
7.6849740621253675,2.716801773202299
4.932139781965485,3.923216744515307
-1.4513529691089833,4.424441821052463
2.799584834934293,6.711815074661785
5.351931212982508,-1.30400090262852
0.09240297562611713,0.6557703622207249
0.4850047941290276,0.3758029626830551
3.210172517468138,5.573707568898698
-7.4380442133241225,0.9652940204500956
-0.526576396287395,1.2802079291652348
-0.23475635664256198,0.7688647174718078
-3.4462702770779616,-2.24360716968587
-2.6824442300007356,-4.378106513542767
0.5021914983315826,1.269029579623621
-1.0830628632883876,1.858397136971567
-4.031025609996481,3.721978404173172
-0.8203130843575172,5.759057562912879
2.729463329080407,0.17482766698174232
1.2629153674488753,-0.7320077055781158
-1.2328528911283425,-9.651594555929098
10.146171345653658,-2.2882877595680373
5.462882383493841,2.3217642564191436
7.6093803483077815,0.49612611395275524
5.1277502197932066,-0.358381656557273
-1.0895391708680902,-1.121729826873344
1.4707331642975479,5.216735834602049
1.6464073933387702,2.2543563034641894
-0.9359527329812767,-0.4266273123592675
0.9957674361359643,1.3258664238064064
1.7966220756150484,1.0444493295597197
1.2784613905855733,-0.44950052317432443
-2.5781236812574115,-7.798456052603692
-6.150108350777977,2.1643269655293076
4.360074180651172,1.0676666902955683
0.06882747537792609,-1.7271199497154928
0.5244104313598201,-0.7147526147551816
-1.7748019650450868,-2.6505116453940016
7.793998587779434,0.04941708388348131
10.115639317479383,-1.862309944890524
6.385908321570696,-7.211357258187704
3.21950538282546,1.2346095248899434
1.1781286047993147,-0.24776911068400262
5.15360420115961,2.6537207831425595
5.857262632615522,-2.6427186871917474
-1.381136512201874,-0.5353035098204656
-3.1567821964712004,-1.6775792399164957
-2.7953379530366487,3.150117312087656
-4.286729688035662,1.4226997646861157
-4.629865481334002,-2.79293497026085
0.2592493420699733,-0.818112334706255
0.978027925430913,3.172362629235763
-2.0728754787023043,-0.010565831147587756
-2.426966772595305,6.0416077559584105
-0.8631414354650923,-0.8852201203583039
-8.131316418051878,1.9593175207309261
-1.766456056130886,9.91515694001942
-5.522225294635206,11.140871203441531
0.25445252872251917,-7.883700433583739
-2.3980499326064204,0.3828991247128154
-7.479816603437534,4.8527249978606175
-3.24592350663865,2.305605578631225
-3.0518329982041856,-2.8621192037462997
2.4143706081281553,3.0297818314638216
4.151890499542865,0.6514581321816582
-5.526512792220682,0.3054168468337041
0.4526978848678679,-0.11769174634199804
-4.392996771964119,2.898878964046639
5.229483803349664,-1.8544574495040957
-1.2032800394983532,-5.436137343075652
3.288578406197519,2.246406795718522
3.4899732567497876,-0.45086092328629673
4.459859660010664,-7.370529164814421
-5.828089419432688,1.5098256415232725
2.7928015468843874,0.6255304715500806
-1.1591190289286468,4.157395743215748
-0.47148841986879597,-0.2610268742929506
0.7811496218681921,-0.8420512469891656
1.932715515559554,0.6714379259167157
0.7011034271260165,1.0152664803137044
-1.834926934896321,2.5465981930756683
0.4521439500161079,-1.0936828403831504
1.3622395664858098,0.46444968436544826
0.8001508502068867,10.104117151432447
1.804758790081511,-4.260397699101721
4.88261542649348,-2.57732640509261
3.5400651936243483,-1.1073976467898348
-0.16162053541416319,3.486234461132785
-0.8228159711374419,2.8561470789882444
3.860223480023924,-0.7705211540070339
-7.555744122438125,-8.48098987036053
-2.699934712211072,-2.275801102073529
1.5731720383774925,2.829201479421439
-1.4628267557389034,-4.316040479379483
-0.8075549604155531,-4.140933401038454
-1.2448535716439015,4.58523636493947
-10.664853135483733,0.7877956227454159
-2.6712044162430097,-6.293982095797675
-8.651147246225415,-0.8012723795215689
8.131147758015997,-2.479623886423541
-7.169368333965096,6.558364928878036
2.1364507447107846,1.6080945180942112
2.6750415772542073,1.374379218485913
14.762091948572495,-3.2383921114367915
6.826740874580268,-2.7249004203240066
2.8697496611813653,-2.2815874229976223
-3.5647813534745376,-6.038820590483395
3.489299722552497,-4.494008077166889
-2.1747814172343776,3.2547161591616005
-2.1232183921714562,0.8124823543813149
-3.7681437751750253,-4.083322680746846
5.77786127698983,3.7936496437028406
1.4560394200865867,-4.666241285612289
0.8586729479434486,3.540141664141914
4.487623576795536,1.6547596910918523
-0.32789354436843654,-2.347521504539351
2.994360346467259,-5.484910463233169
-3.855767787842354,6.9717866549518135
-1.0237019905899984,6.001120830073491
-0.43091261689454846,0.01964608702297899
1.5074477897731997,-2.164088977691692
-1.4408767228177801,-2.3533365665130437
-3.534013655818388,0.20590924459753435
-4.2348956207537976,-9.05380285014622
-9.505042850511487,1.3808328957680012
-1.5718397587560093,0.9090393615234482
-0.32632624829180257,4.93283945873321
7.188198684972618,3.618293757374568
5.186220876612716,-4.208837225004375
0.7146501225537004,0.8931236038486547
-1.60161486636998,-1.1253587269132679
0.11805087095143325,-2.80864701051629
-1.5110139452913647,2.169980979084677
4.138732242086127,-0.5015929267358491
-2.552596856009561,2.5461106431066165
4.555083566884762,-6.283009847400973
-0.7928781603999905,4.865282490462611
-1.962320792791019,1.822545129105305
-3.7828604666875427,-0.4723613761412796
1.2726993254140777,0.9667536763640722
0.17166150753424494,1.1194680465636286
-9.138921144423126,-7.071007593613127
2.0074262151689073,2.1015094492098316
0.4929152848125059,2.320671729800485
-1.5668512365771112,-1.7532517429813974
0.06775843191888262,1.9008184167992241
0.18012775847323653,-1.1046312896303199
-0.1033116083955759,4.77370980389891
1.4847640646323028,6.072754473213682
3.9066400771328724,2.7658732807504984
3.9162647275060793,3.5786449024225955
-0.017188895267473133,-0.6361828445749033
-2.620752801270188,5.871625961825737
-1.5154775469167854,3.6972195803524723
-0.19227703512260957,1.77862096767065
5.703239281888681,-3.19758330630783
6.049651398829532,0.02532051263918409
6.313669856817439,2.6218847234664304
3.157742621402765,2.9952444947149113
-1.6537171718133665,-3.5578750001286945
2.2109044760394365,-1.6690262882127322
-1.1834623429154856,-1.1264615749395517
-2.3203651676712833,-0.3452746974151625
-1.6839643510024345,-1.475755485025435
0.749027968416869,-2.050732252142568
-8.315197995052179,-0.0464376811997489
-3.406482047041729,7.137872560692021
-5.018303161711001,7.856575278440989
2.8571631505216204,-8.022248095236318
-3.4129169389273457,-0.04573317806116458
-5.092201771997431,2.167401624862787
-5.09155505190805,0.19705393736750945
-2.21094528785603,3.702283715191528
-5.823578779722132,-1.2912275755990528
-1.0310742332950262,7.595739611684031
-1.9169401083137183,-0.08454709186777026
-0.6360009420644472,4.378115946046504
1.3040790856821505,3.936090898204024
7.983127303553867,4.7110509509136325
3.4901918290092815,8.415734278001953
4.799981268408919,7.254152383490452
-1.2512157220661824,0.8631984658072296
-1.3493779063377687,1.212859070495385
-0.6303561884648647,0.385765173418427
-0.6029262038067933,0.7573403220399337
0.17667718623106168,0.40620179761502356
0.6950991861240311,1.6198220585358296
-4.043831544076964,-1.8737695390554474
-2.3772403244015723,1.8885095443021152
1.643298326989312,2.033809430496386
-5.64903866876286,-4.089258648216735
-0.6212310187885524,-6.48484215660443
-2.705540406519503,2.1390692566160943
3.3625350506349814,-0.11102012609969403
-5.54382227270097,3.2193930813839673
-7.122061486425891,-3.8156645978594455
1.8381158006020477,2.3759301019818446
-7.965207435249487,0.4273378159511861
12.066863767433034,0.8794365147399444
-10.59159585115794,3.7028667192849958
-1.573876555119981,-9.272325952444794
0.09250574171943445,0.8553058816545872
-2.7568342259690435,1.8514888449409435
3.489459276377318,-3.4122523501446587
1.487319613114863,-1.0914870399397052
-0.33674409764252744,5.814341289451911
2.9742791845558996,4.713827439203983
1.973200036991191,0.031428821591615946
3.5408942211396734,-3.297996976080832
-9.70632273732027,-1.244471188440125
-0.17149822079282667,10.396807384469351
2.694201350855928,-1.3447390188495523
-6.487591348648129,1.6823094628316404
-6.1428616352048495,-2.8388440445786625
1.2787589486551438,-3.7220903839290895
4.2260411257277255,-0.04253031812317977
-3.8199427432205133,5.407184124317941
4.169229243143309,-4.941426550017324
0.27958884153228303,-5.79399308037414
1.4291869118531988,-2.276823658976834
2.321527956076528,-1.345452674744348
-0.44377649025234467,0.5747371907584214
-0.500777053246078,-0.5112962897156565
-3.122608988635592,-0.16582050767481926
2.7032253609956602,-7.192214588655355
-3.584482974274066,2.7802243844190806
-3.5400455382118605,-1.5934490464315423
-0.3023390743421086,1.8425955622363916
7.450940056453553,9.453481662221412
8.474706412969532,7.719899448417403
-0.730468400721264,-6.157766678706255
0.6631877301296668,5.444723675233214
3.188992943875012,-2.771433763977914
9.635619082986267,-3.9493833335446804
-7.315846387473553,3.937793414994241
-9.45578780292303,-0.8093617148475803
5.629708693965033,-4.539836332842313
3.3536704655519123,0.16649526045118807
-0.07732440331935879,-4.148741394013612
-6.121323293541343,-3.754664859903505
-2.071202380901388,-7.358367537772645
4.4786935135530195,-1.2600253187774277
5.615258258550753,-1.993718072301545
5.085990069655329,-3.0540254928138886
5.318595542313249,0.07649424747507336
5.297283505785767,-5.521202260711721
3.944821980387122,-5.472997991047371
1.3184240972033898,-1.9312908954748782
-0.7860726765142096,-1.8775804501969267
0.8451266690045502,-1.622455634031294
-4.657644751112085,0.032759201879743155
1.2781574311118096,-3.0310288472595848
5.201491910781758,-4.341342829890382
-5.8585399219798875,3.964760997232979
7.916968823564086,5.135449076248188
-4.427615550432806,-5.373506278194652
0.5800358855866162,5.736771943902225
-6.525586814674316,-3.3520495975029063
-5.681716050440394,-0.3318583209148971
-7.837721416917267,-3.5662449947127164
-0.4550637943474291,-6.2816313157955985
5.8458689390824246,-7.172808926954213
6.798220831904291,7.091751846712987
6.903875531896181,0.6818251464292207
0.5272773883653231,-5.959860342803189
8.735491938390581,-0.2762038147413048
6.993233244894021,-4.04476352752351
-8.969193083535009,3.5412628869238607
-9.517267256081661,5.040778531720319
-2.7558791208672977,5.482816877089971
1.398756127224081,2.3435336819050265
0.20914068532213276,-2.3409420616383905
-0.20391288607602595,0.05303600075584049
-8.210906799055715,-1.43145814520522
8.232051085773868,7.838431385585322
-7.521788165365083,-5.703882402218096
-6.042324506674646,8.954871961464919
0.9674710515027053,4.486478244253886
0.31606763801063575,4.746390541727783
-0.3466683612412731,0.3491399566000638
1.3004904446205228,1.4643466870365678
-6.434373686358724,0.34478242586636254
0.7473821713331118,-1.8852262472504715
5.915142966867694,3.4255560696589096
-1.1529377954352438,1.3599763565730172
2.1511255140075463,5.174984861337061
1.4989250278128783,8.579091371981717
2.102583531067514,-3.9609483395597977
1.701584630607292,-0.051957919926660816
7.05865350025563,-0.7885120839984696
-4.773482943913172,6.412935728440794
7.2209879630591,2.7800945482391892
-1.5934152554564467,1.9869333701597054
2.854029457161776,0.9600169539851608
-2.054081054223269,-0.6355184928562309
-0.8054953841541641,8.375097182873803
-3.370968133444895,3.8213630366202356
-6.4669084833604575,3.515564174250704
3.7571735801393773,4.827985064680907
-1.1074406162512136,-0.07713450204444697
2.06445598047441,-2.0196341813304572
5.74847547494035,-1.5272096941719302
-1.1164956788695888,-3.67834402191623
-3.006434801843836,-4.734534738959258
5.391809175816732,5.727069646795107
2.4145372091731727,-0.5307030259205602
-0.7291980053165188,-1.5550883856790756
1.9567478898914017,-0.7304197568317182
-1.6273266882414668,-0.19651054835759743
0.7671524679997686,-1.3366357201948995
2.626661092308128,-3.454916960387098
-0.9551725224271131,0.8411582326194185
0.5219959247434642,-2.060281616286477
-4.982660645510344,-5.001522563400167
-3.725623531959267,6.458185785773548
2.8323478340078716,-7.185292535853316
2.7267579484493476,-7.880868043167625
-8.038335449530946,2.1888199401667143
-0.1399678606543331,-8.617233331447085
2.3453845571098912,-7.989792075141148
7.141353749499712,-3.96258421615771
-3.6831528771015147,2.4361410593553625
-0.4861063511648823,2.8142709766415397
-5.648130323954206,-0.9199477312183857
-1.108326569014065,7.307517838643661
6.882125148659192,-1.2076021202640392
3.457069111710093,-8.666332871377188
10.623600146437893,-1.2157553091621909
1.2729935390651315,-8.646739947878581
1.2111456737765673,0.615560478252479
1.816972629701746,-1.8829284969702798
-0.9928517244825501,-4.8228133541763984
-0.4718419680567297,-3.348575652176166
7.029230113713584,1.4523664815718833
-2.4017650093338307,-7.056965099606789
1.786451718409973,0.3932331695390944
-3.458069203081285,1.2513858594715441
2.7556875299928554,1.6284248269854198
-1.3451591918794215,-5.163069236480734
-2.864436434299501,2.9987423482177915
-4.68860703864943,5.254361941726246
5.3655836928235345,6.576690987079229
-2.4251603180194987,-8.142020156627819
4.785740005876648,-0.938022201920624
2.492351206584416,2.118472873806962
-4.180852154040727,3.714308502993451
-0.20704552003298143,-4.701032902494543
0.3528886933426337,2.800434191678159
-8.637055435034474,6.309983751898889
-1.8283423245559494,-3.6729486197276993
-3.0215358838878914,-3.637175474345208
0.20574960411688553,-4.413471312186582
0.44743628262047086,-3.708410597743135
-2.747922617901153,-1.7255696287220867
4.70438435008396,-7.934879268238743
-7.5835123489774645,-0.2949349337431905
1.2611008072877332,-1.0252564525993495
1.0846783944112348,-0.2604282934107235
-0.4948332261386019,3.8003356729579845
-5.726230172466159,-3.6382806434642867
-1.602119191583035,5.354936194485766
-0.3484982511376083,-8.317912580889406
-4.072544801602895,4.794962971387519
-1.7028468748445362,-1.1146564185994765
-6.453858474708334,-0.7330909814220742
-1.1644587735172827,3.6901501897984677
4.135431975369462,0.15510739792468722
-5.112027397796066,-6.621537577601548
-3.0598032911946564,-4.22923512592356
-6.214860520346313,1.3742812080232212
1.6785766592483522,-0.5570652022166162
4.474401875194617,-0.6523120242941172
-1.1918628879971829,-3.68777900775659
-0.0704084268680707,6.273568930938798
8.972468971238921,-0.2508589320634915
2.4893504312769905,-0.5503600399076315
0.5229228006663474,-2.565201739038681
0.6533379664581391,-4.93916850367364
0.37071041624561224,1.7854924729850286
-2.2047127222279306,-0.40900704878607
2.7077302550502638,0.5033413963236582
2.005278879907814,-3.277911149135521
4.180735982832384,4.161595880908646
-1.2861395638321729,2.3846555820902693
3.016556648892704,2.56654782950645
1.3555100947448122,-4.032348391875649
3.86933116390987,5.223115785877431
-2.6225157422147576,-4.918403687150108
-4.049678743473406,-6.072955958068153
-4.185562094823113,-2.9199752118470452
0.05036015166507713,2.5673574371698997
1.0436112846559658,-2.744666782745143
0.7369853866446656,0.14150706232275775
4.113437389449609,-2.166262742431868
2.268801411097515,-5.354690342571791
-3.771085058116364,1.2384758861427232
-0.00278438353216929,0.07284078124907377
-1.109681481724592,-2.6884026422606695
-0.3872173839325365,1.9083193094499977
-0.28213350815257776,-2.143856275508094
3.63462379458348,-1.1752545096379308
1.0513108687617416,-1.1832132192055385
0.12829206705058752,3.4167063559989286
2.3839740613439466,4.2386570598710644
-1.6032347270631626,-6.404593271090112
1.9444249943004868,-0.9559791054007745
-0.7841514952335931,0.5481933359128346
0.5745767837137109,0.6583503964109054
-0.2473117217803661,-0.8724617039612064
3.3551847155496377,-2.173510966827741
0.6548361823322695,-0.3150995126414113
-2.157895371773911,-3.883913988578924
-1.0287637507135083,0.26043812812110084
-0.06910900302493114,0.23126207838525212
-0.11624812485561098,-1.6148458929173568
-1.1204381248646955,-0.625549220639545
1.6307171203562438,-0.27888795718441745
-0.12006913852808748,1.3966670198694722
-12.524595282626045,17.464307175768315
27.083006224010624,-5.067498043137866
-18.932779486331363,-4.958431466300699
-16.661004857711276,-21.113618757729967
-17.701023765825934,4.552132768856137
21.773448303233838,-14.084920565750124
-17.79461813738529,-3.1639533058021714
-23.11785889710623,-9.313847202324046
11.608997733847806,3.2517739858313024
16.705576600220812,-17.444509973813553
2.781467586944666,10.705551439765612
14.988103780627183,-17.68194433642231
15.566276653041339,6.26132446318265
-7.970608500927224,-24.007168718109416
4.510953923122355,-14.469597597848617
1.7683779952649357,21.76479612520119
12.906519826738554,-7.841763181361616
-10.659830641456981,19.472373871073312
18.91122973284579,-8.384050436090245
22.944194118233476,10.004459399385965
-12.312637510612669,-9.011832914354837
-24.337124758305947,7.803106894373898
-15.899262587738193,0.9199542613332266
-19.658344401078214,17.01212523762512
-16.492041348607128,-10.047628432641627
21.942258416633496,11.64196391761653
6.416629035639043,18.26480421152176
21.348237975875094,12.187711752656389
0.7948875886115254,-19.35470895877957
11.351086769596211,-15.947897722029255
-18.094996041656408,-7.6282299864512515
-21.166562109677706,-0.1414581108983507
-17.066860933432107,3.712505641097752
4.605512584019116,-22.805589707807915
-15.503537871749556,11.870259260718244
-9.616298796489836,-23.181573902437865
18.48569009798133,10.425483134335705
-4.797160331513737,24.079716563199376
13.321999425802991,-12.884189494249771
-24.0425987596611,5.443407224734898
-1.9033670205457234,19.694366716327814
11.019494634682475,25.648177611539364
3.868204084675462,-13.804351575419025
19.16685868480299,-15.355816710163467
18.85867602417548,17.305874857899198
-15.930560171531665,14.150932025928006
13.657044467036789,22.83876567533363
-22.06296614822002,13.092769090411153
-0.8006525434532114,17.921854746745275
25.685950482328277,0.4480725269287371
3.374812791467371,-17.449487626573536
-20.58314869721433,-16.904824914509355
-11.740151017245546,-13.798011940910538
-4.231378765003508,27.58822086536596
-4.7962737271123475,27.01447117138041
20.131548617625718,3.877253750305132
24.949528525654355,5.415713078202494
-22.25671490049559,2.605605414561787
-5.75163837780028,-14.276670994443869
5.902198095736653,-24.843693919422268
-19.880203146464243,1.0989693909138991
-14.00109238057113,-20.12032298618878
27.55849412446554,-0.6453532773416321
-8.284017170877396,-27.251518900907854
11.054428935484028,13.768996818911283
16.092377072749198,-19.86372442987889
4.929829367828927,-15.264076511828307
-1.1438906601339336,-26.19150913807437
-20.84384374278457,-0.19937722632105967
-4.280803919649234,-26.648467505405932
22.56278137137301,-4.143289612360373
7.825633529688177,-18.14731185052369
-8.484481159989766,-18.986467138079867
-16.650166624009636,1.7565427032724736
0.1487309951841852,15.300670351673693
19.27491726761928,-16.49319586805126
2.3310693958777216,15.81400238623504
26.311129409867053,-0.4739540216309501
12.7444293919211,2.073612646941669
19.070501663313568,16.69585493454198
-14.00044066058487,-15.975037824515383
-22.373278032567864,-10.835921596183942
-15.662993274979634,16.679653506282634
-13.175564213546465,-21.909436306399414
-22.982230855975903,18.005452193905978
-5.734961734401153,-21.050518261032828
6.425894694986708,-17.396752747612794
16.969760513411565,-13.893598285834068
-4.244599125452665,20.350624707751646
-21.64785710999371,13.08636197614114
21.813563129737506,-15.820554908120238
15.330045510615587,14.651488006827494
7.896553534983959,22.44755907720613
-12.335284452081828,-4.836834694512172
-2.477973473407086,-17.64013796482774
7.246421629738737,-21.639296510254614
-1.7430148944579866,17.426480686932386
-19.388838240745002,14.102028853594922
17.57795514194131,13.01849392291069
-3.2675971122596583,16.20494930840489
10.566197217290588,-18.518770337697646
12.015017298873847,-6.009982826066789
-14.136504159959864,6.792278513877617
21.26248179270669,-19.51669891646366
-8.467292931691054,17.1796903394759
-20.873766617257655,-3.4827732907926747
19.234601693819275,-10.777115171476963
-9.431805713412452,20.97011444671613
-13.730625621846483,-10.139574809504602
4.0408955722115065,-15.78603192814596
-4.7299341922701785,-14.89051190777041
6.506249480897746,27.885284195812464
0.15005194385270398,17.670849541204774
-23.03827104817333,10.366448821031677
-5.620031739033827,-20.255571644276117
-17.097247559357875,-23.16263181646068
-4.946809453754513,11.64270386552335
-4.911700506252286,21.37695934353605
6.848060032518257,-11.982873184679127
-20.9498580514406,8.129433098867933
16.512615364984363,-7.762149386133032
3.9537184779887085,28.37763911206911
18.562267312131144,-9.277548916941324
-27.495102137602487,8.851025061379918
12.17395036016105,-9.48931923919195
-19.30107531801891,-13.699947749711724
17.879309848647672,-0.4742868545550269
16.313251190788566,15.347319210200736
1.919757908341841,-14.585000382968465
-21.574374059397694,-6.534383989435042
25.230802304359326,-8.135316459828857
-29.63691706349085,-1.1669224900459476
-14.61359309647145,15.032503767571944
-0.7453063523703793,10.720093363173262
10.58625238090556,-13.765912984782299
23.566585844790488,-11.58279945428626
21.879478257705863,9.976552392910722
-8.653304983332585,8.143273133539056
5.621250369425243,-15.838078450602804
-19.72382908656894,-17.55382636717292
7.507616059180549,19.683324298719914
12.685214803966556,8.205866842004665
-3.8278073068870495,18.593339215186163
-24.488435647849194,-2.3424693220783386
-12.966428335720881,-12.845111067794267
-24.13766707814996,-2.668905718561126
-15.274128177972125,3.12498854959915
-10.608548689194663,-23.036484852823026
17.236926200440465,7.904361034837933
25.91781073700711,6.010054392359691
-11.215611419335136,-2.725272740730431
13.009240954446234,18.557150444291384
5.962097147895763,-20.339781816828705
4.766503132658763,14.932454791338882
18.860613885664232,15.921975321348418
8.781673995513357,10.55683463456712
14.82935446391644,11.425330462272328
-21.184250302742807,7.040871856454416
17.514464468877726,14.312681815432395
-14.167450366914107,-9.761136245818259
0.6680969581817743,-22.410766150453195
-7.545468582923001,8.826043074394695
9.534577260815192,14.006370556481828
25.559574453533738,-4.655345328357507
16.269772239957422,14.51862957404604
-22.161282307230923,7.4027723895315605
13.996724000767744,-17.31438927607682
-16.82769231712543,-13.627013933841077
-9.77833162692455,17.357312730340244
-3.220757087932617,-29.387294308739204
21.481667860475223,10.607756833504897
-12.113613243283156,-7.90005130731231
-12.07276880434564,21.242530720407593
17.432712158063246,-2.692581677309388
-21.993781831828624,-0.9800553716708033
-17.71457836278338,0.4220747344387626
-18.5126524296731,-0.6176582813904291
17.516396019239863,-20.160838133401757
18.6587673665732,-7.308379241623342
21.633720196946065,5.58856270592365
-8.650230911514383,-25.531336348822542
1.1749396096974483,17.42517189926716
-21.24309516666941,3.716520712528766
-17.59501463651798,1.1305411147592688
-14.2487786632198,22.649573034276173
-18.205215443159418,-8.979626291138196
-15.944418167179942,-6.447428694967308
4.747603602893123,-25.779255454239994
7.671513333308792,11.96616288327629
-10.98149766092816,-19.248068199233103
14.690635871906233,-8.32240052469867
1.941282785290331,-24.432205276656376
26.44848085881856,-9.247668092705966
15.80957446509328,-0.9480051247184317
10.2281358275145,-9.65199066587578
4.009257669542234,22.849981007454097
-15.099529572443432,5.3023818216053344
16.482313737530966,-17.69416421014832
-21.363843470245676,-15.34543124013119
-18.475071262502038,-1.1139486199830735
2.1872759037999505,-11.942561437894726
-8.021062305937097,-19.038738303186488
17.153228838425715,19.019643917182556
6.903662342510608,-12.734861808366718
-8.807612932030667,-21.744842474947465
15.542983681127206,9.036426617279698
-2.2792744212915754,-21.63259726573307
2.9107554688396418,-16.041851237533802
0.6861361244861102,24.248532321828975
3.3764204866290135,17.607609582018004
17.28877483326131,-1.4962855861084479
21.509853892713913,-6.723225006982194
9.44346054497688,-11.2759213408211
-1.4051695831780862,16.880956743414636
-20.289170052362973,11.003006438310054
-5.957517001865123,16.88203934289408
-22.869916300193214,0.22500531838191423
-17.241006915169,-0.49221197755670215
-10.032512646418436,-20.928915893099045
-13.011828243643654,10.879397699589573
-1.9616683125998844,-17.69438509730153
-3.0821263740607523,23.852005719831674
11.09011242209506,-14.597256556340426
-11.586501914698148,-21.1964921134166
27.321026357696933,3.378747989806835
-12.738952411230152,15.431156304177495
19.960993675900568,2.241711402357758
-17.82954580420648,-18.288273177768865
5.250433967650208,-17.956468586715513
-20.234804312282538,11.908321247943164
-0.7353304588817499,-15.963215332889396
0.5044881157727324,-24.065950302076185
15.191396513329751,20.57180699098868
22.015240734357516,-2.2935271955975614
8.490628288123485,-26.843949524766945
-19.47629715362202,5.400584238316775
16.761705516735912,16.166918130487094
19.279489175604223,13.818611108962678
-17.587884618854886,-8.587326185283944
-11.732534376329419,25.043571895220072
21.42507700739671,11.390906714406196
-13.369016405782022,26.29368078408485
-22.440170421426522,14.324381388367604
-14.607788927130862,3.217216924644324
4.275893849127909,-23.113954730731653
23.191248027454783,-13.385002332203772
-12.446255734454411,-18.23989632912259
1.2175852516883596,-26.65155896438786
16.060286456251166,7.362151280405675
-13.788494543878981,19.647328117901054
10.51230178304735,21.667119348692374
-14.449889310994772,-2.6024701719872096
-0.36583144434512677,20.093460002233982
-6.88409723188115,12.658527375346715
17.480455219642494,-11.68286452167024
-3.296940071346971,-24.80115000659824
19.98936472445136,-17.45406933325293
3.2873709346564053,15.81680404165872
17.871240675327762,-9.158647902879936
-27.132127361314804,5.894307512406837
-4.731579329978739,-18.75307368154791
16.935479621216857,20.083332512931822
26.309711597982503,-2.6962678064054573
-26.061223796778084,-1.7111312291795033
1.2219592184915904,19.795322051950457
-4.593264038656736,-21.7987769853299
-19.23798423561901,5.833936224545988
21.890145042362104,-9.814568945480655
10.5435805933001,13.47589107770878
-20.199756644004893,-12.104065863355025
5.898061756701792,18.741962383011828
-10.689822353257437,22.943344525161407
-2.070319881015886,-24.739253010751785
-4.1919883253349886,-16.629522100549206
3.5121295719628125,-25.572880822801157
8.66842799277012,15.790055204857886
-9.453574109466928,19.758886997013065
16.692509947569928,-7.302931777454547
18.975740041811065,8.172156065866302
5.766094532099826,-17.162337530384935
9.155316022606641,-14.651320296849077
8.486320321509453,12.05676466457121
4.756489149500497,8.785541372534544
8.56628335739942,-18.71774566616192
6.098235279892335,-14.413987824858342
3.671005029486126,13.709996978574392
-2.9386503704363225,-19.028374000207858
15.943507075092231,2.222635732057594
-2.383659739663927,-22.871192540869067
-12.341014187043756,3.239471532557967
-20.53970603975508,10.369339542159883
3.032588182889153,-19.513685293634012
19.666006006139938,-1.8481481872976204
1.5392819558084105,13.784307530885826
16.957619487440965,19.77608137885591
-5.303837334442756,-16.038740265873145
-25.14353296675974,-2.6964336259046684
-5.7572504884922004,19.20015738895863
-6.5104670482914075,20.87170980927211
-4.51244438064948,11.690232379808656
0.010248986370956906,23.25720422564493
8.605657919571048,8.775100009073007
21.56748874204044,13.723079119551343
-15.298168421959613,8.16659963944309
23.103261629227195,-9.238514826883746
0.39481496652295556,12.959215550236697
-7.62670545523213,22.598951925643217
-13.933186205529388,15.198590480615717
-19.8936013146482,0.6625496364632656
-1.7007571470279366,-7.487513395149745
13.044044121261546,-8.476951195432552
2.328189529281139,-15.972557194328033
23.834395253830383,5.567831718443201
-8.541108658677098,14.658311218029983
-16.213557905442432,-7.413109800710137
4.061454556913564,-13.54055663846565
11.2906683653949,11.821043813602227
3.3278246590685625,9.941057700681485
16.08791763709905,-17.937666129979448
5.0092265839088626,13.554547665295823
-26.047034205631473,10.946808479406947
-13.814953885075742,0.40074670864017164
17.19942985982101,-3.4694196023602695
12.875720365973793,4.765861078339888
19.116970837711996,15.055065762549303
5.586886885377867,-14.309964133679944
-0.9500130118875468,26.59831333648244
-10.518847869554397,-12.66914036478399
-23.589422810829294,11.928409955203957
-7.991130098132049,14.92067004663554
-25.202666135676164,-3.4706175668795867
-9.275196776037365,-18.86798757946948
-19.499323971012597,-9.608966584099518
-3.2838234343195714,10.222591376089452
-18.88527931367554,16.530985925985874
4.901672294414549,26.722352808552117
27.588459271716438,-5.792278394052447
-5.009750975065894,16.652234391748088
8.260629210803152,20.453188882271274
-10.709277273842615,13.494346516222326
-16.260565377137723,-9.111346170364527
14.852017086794636,5.882886632346281
-5.555003506800638,17.892121496031653
-7.019163728510419,9.464015299116333
-14.497270530436914,15.122186918205955
-9.805718570359014,-7.582227016136921
20.744552035729058,-10.5023394762714
10.256587153314763,4.5693969758487265
19.516715987326563,13.508639454495263
-12.352715506419974,13.681448917705943
17.320039291604008,-13.724074286518452
-0.7066837189432967,-15.673388792608423
-24.471832388497035,-6.392449634216
-21.107341584640594,2.254485875878672
-8.80801673220161,24.302703451233587
-18.155668736650078,9.358695795356315
14.127064066164154,14.720356459833317
-14.790687038177163,4.098584941684162
23.75981595814752,-11.026482850264689
22.90880169260685,-8.80473230294806
8.26549524725123,23.35233053595647
-23.32288488906479,4.565502086576907
-21.624864531001048,-15.088647878163933
20.942712952302966,-2.4478445399310527
19.588150913913523,-11.854673406531488
1.2788767468953537,13.313537822585259
-11.64109288366804,22.88835140418296
17.33493166714195,3.5013415840950928
-16.519956396294834,5.36699942819264
3.1543097743125426,-10.001575187256089
-13.876514891417322,13.02627106358477
7.313406331917631,-11.712725581044403
-24.369567219769195,-13.262209596208992
-1.2031806842357013,-17.556742982274155
25.695129259445366,1.556701650976467
13.235598438911323,6.586922466192714
18.725628591723915,-5.62403813800272
-11.763397578082088,12.813454632174743
-17.66742514895564,6.273320788169377
7.9006144579047435,6.8648243946015794
-2.663092046056117,-21.68172749568781
-11.721350816926943,14.437594614928477
7.84602396678668,18.27090339699209
10.058371196328682,-9.624040375616818
14.15613767803996,-6.653140376383726
-14.188944274703763,-3.7109582196946582
24.161650394053634,-6.3226145940765335
15.051763449530387,1.168576196995079
-24.111322735275454,8.498451124185491
-8.338929800148223,-15.303620016957511
20.853388710908078,12.073315259329291
11.142365752247326,6.719370071436049
5.461736445830796,23.19789821827633
-6.888824400387105,-9.2788129004467
9.076260614178034,-19.71090236194258
-8.9620233614695,-11.82101851193716
-13.80972977829531,13.942500372144512
9.87040377471196,-5.580743309451083
-1.7287377718407293,23.995071990670073
-8.61257018249141,-14.640791596601353
24.721853989501607,-2.4622600473536527
-17.64463874745453,3.1662503794888943
14.252202072847973,16.137804722334874
4.811711717659379,-10.594468157711512
20.79185921304505,-10.898512054640275
-16.879568247353138,0.4032826854635124
19.14694838614997,-10.938999241529507
-14.43756357510656,-6.488362646486728
24.656677306094128,-12.564107753452985
16.701300007652062,-11.031224696870161
25.35579393193641,-1.6788844626270572
-3.8697824625965827,14.078385005752235
14.075082875441632,20.892698276720935
-5.151737889694544,-21.324521359916385
2.0616878488672996,25.842384980114282
-22.7276780911222,1.6764478882847567
-15.981786807543866,-21.805614454112174
14.319181853313681,-9.673459927155088
-6.865336540778346,25.63164214126146
19.986368437058506,-7.631105437273943
-25.983553724979146,0.18461089305436668
19.196426529473925,3.856394636985045
4.299144986758479,-21.736286546733613
-8.109015580663025,9.871942931528665
14.713782162404279,4.730235530549304
-9.453666595452727,-12.003907656710874
8.287394052643926,-17.134792654848127
20.30827258106553,2.735119252111999
7.9344311242102945,16.70202897907158
-7.329843975304682,-13.38012420750009
-19.448333575210473,20.357838035052723
-2.2834048860534666,18.061936592192726
-7.548508301069555,19.561303274473453
7.332220236716824,13.210348518008972
-18.580900390727162,-14.107584282364012
-12.570674710986845,-8.7593995601903
-21.158811232379904,-16.29458384076348
15.099402507817874,1.8144745876270703
9.877867147298113,-18.194596946324857
-14.421721177372481,-7.969467048014964
-23.48092069053848,3.346467157531847
-14.081632413727272,5.225002249503678
-3.0333799840466864,25.129305385772355
15.17886727107938,0.5473530743374334
9.284509831481163,-22.627604273760557
8.416915034381582,-11.998649796482642
23.09483444072081,-0.058848301273720365
-9.452129781676128,-6.128957357417725
9.806412152174953,19.94420857583012
-14.416014588947368,-4.707368142253105
-20.144388480436838,8.840220955501827
15.139328616908243,-10.50969355124951
-6.515501934382109,-16.817901943532558
-12.531950762501033,-6.376224163266107
23.827763291005823,2.87564106129083
-7.327424889942134,12.825042326132815
1.6045807318482515,-22.381230321766804
5.085752025293535,19.661582384000013
-15.050880368563138,-11.638233633177915
-14.375910939079288,11.7325151477336
16.90988074293774,-21.62948391158294
-18.727218954259698,-19.86027272411993
-5.556178310413656,-24.839825196871754
2.6437383174987144,-16.621711043363803
22.822669425220493,3.318253474239439
12.419551366300288,7.861596885471907
-24.505272153787402,-7.869466340469834
-4.788207708061006,-15.796103105448276
-17.65640222966158,-16.953472067395975
-3.3062270877553463,-14.791283104462261
22.731926798499156,5.107977656655648
2.4824193924976274,-22.767400590381076
1.499265602995451,-23.993284810122802
-6.1006105019031995,-23.046913556154948
9.532260118729173,25.931368531809916
15.644428020021463,-9.618120683723616
27.709264323790357,0.706296073802694
-6.824894577062712,-15.013627940105618
-0.1232982493207335,-19.9126637625639
11.545171494363014,5.24164945021786
6.1211926332708115,24.74160076886749
-3.446433783244356,-21.41100569326143
6.040508484484985,23.10922533367239
19.488704240423925,6.207228898083243
-15.248643948594596,-15.390421270429771
12.66008455806334,0.21083000450367836
-21.514361199611493,4.512705934753176
-3.345993569367377,14.422591697151896
-20.657471172605533,-3.4622471467998546
15.620415713875378,5.282569360337174
22.857307416649764,-2.5748447883141474
3.7233754273500996,10.14343727128529
-16.443382497120087,-14.201573575873978
18.14500839077735,6.164071369796546
3.567161653935703,-15.030619156056101
9.336763951723773,-12.564561689196495
4.03655425394386,-28.068466086193492
-26.31064529325585,0.39959753763395833
-23.966852434267764,9.112816467142402
-11.699169933911778,8.3509231088892
10.7971774282546,17.58469891825013
-11.052887388050738,11.953284821310044
-15.906776718047078,14.530461580505335
2.7446543909296643,-11.139410919594134
16.98693936861369,-12.503684293866991
5.471714330722247,-10.025495338389977
1.1103272442530805,-15.999395439788517
-1.5257398506075732,13.479055244012452
15.070311575368038,12.15861861378569
12.136999602888595,15.117504559435906
-17.48213209954526,4.138192980957799
15.714357430249844,-3.033901645135371
26.239986906870406,8.827260274886262
16.027717434614438,-0.08657686223757977
28.4459356439752,6.222717696587984
14.594142504728172,-13.947784089614911
18.217775070420323,12.036963364440656
-9.975010156062094,-16.30457822658817
-20.947629730833757,8.960846434595895
-11.94134877067099,-5.851006955503569
14.389256702426055,22.8734450323187
19.31918049913546,10.572935918275178
-11.574682162288097,11.506878639443077
-8.67291796805118,-3.8980900451656884
21.472026308556195,-7.443764437583198
15.014516597363903,8.482481001876224
12.373754167980316,19.50148862581155
6.277419512130807,16.22127096195894
21.64872238948981,-12.551469664552398
12.657854025432291,21.671481442008243
15.706800296791695,18.35856088865661
14.760019036826213,-0.1233231494589861
15.3045448081727,15.68819131174812
-8.777982777074415,11.900816469251186
13.238424838171971,-23.133167987892264
0.8075451563124575,16.661989566558077
12.453917304355855,23.310147438016266
9.04016154311264,-15.544977797174115
-12.096790070555002,-12.886865125554312
12.596675284351926,15.923920496431466
-3.3620305131386403,-16.650901155041346
-17.588444105665488,-10.93458884238183
22.912274110191042,0.6575558006272221
-0.22735736020959574,-15.313011191840527
26.53177734989161,-6.996977061649992
15.59153995961404,-6.561174195389171
22.763265799451254,6.428789772952598
-11.807154821209538,15.375482025268628
1.8542641673014928,23.76123161828231
-0.9771686913501737,19.54837399475485
10.196988137435998,-18.30701676025582
-10.855797785535065,-11.08659535261668
-18.247655411062684,-15.827916117308122
-6.616510984044227,15.843306120999777
3.0978731948702274,-17.93251296441365
-7.776502771477706,-10.158314716054889
0.2485610618579495,-24.98746789422177
19.791376525286665,-1.2510345737566
-14.354010770620379,10.1747728757517
-16.120705279729844,7.9739998980682
-15.463628154317458,-23.1247132865051
-21.855410788460546,3.374987348957192
24.800450600182614,-4.11292366180109
-0.006108504383223355,-14.776031317848377
-8.481492013085033,20.694304624626238
0.11961297437948532,12.256139147683644
-15.254100192593961,17.941398769378583
-13.954128135380964,-8.731731264042407
22.58847927706888,6.78866399758872
16.6527342300818,0.9590367286160973
-9.114555713875658,18.46492333170204
-13.479710145738336,-9.92023293839562
8.670301805705144,-22.958856603654386
-10.265386331149669,11.25852696164474
-19.498596028255612,6.775539854290779
15.00432962497986,-5.077512606737296
18.458670954692973,3.162531563202861
6.722878380955572,11.154134266242236
-17.539100130098472,19.35485355064837
-1.0066169695542253,15.768687398257796
-3.5263979859380687,26.85647466048309
6.425133740180969,11.50978745153075
-15.616511425499816,22.034923456680648
-14.590701845808903,-11.619704537714698
-20.00817826444402,-5.757616803952665
19.41709424577309,-6.411089908130306
-14.879373579465849,-19.593954118666367
9.470565904275755,11.83203379713528
-21.71128858907635,14.89948235581879
-14.363328375661665,-13.316873210292904
20.35580474310509,4.732328738542914
11.326949776817555,-6.700502514698252
14.799093025383664,17.742425068407584
-13.062617066451857,10.839412363538884
8.976496705212346,20.995812400833696
15.885939199779353,-4.309922981347303
24.822218883910256,3.3491826921140775
16.40338405627922,0.7801704935615699
-8.755048915439753,22.940762697842985
-6.015273744089566,-19.88778861046798
13.801177661824973,-16.153454844158
13.620451582949924,-17.21339152964266
2.3659808530991238,-24.715129744354194
-13.220558470481151,6.290173004088746
-25.32033480836993,1.8428255620633922
-6.850559277528834,-17.60443619950353
-11.310157227305144,-22.495550927316174
-12.587574270243582,13.218730726305159
-10.854055988208076,-26.670902972623683
-17.174972922433234,-12.662393642189276
23.99351423522074,-16.270773450398742
18.39065053242217,0.1970875446798104
14.601651497684802,21.100192348388575
-10.027900320228637,-7.0407461013888994
5.64094668872041,25.01542724346048
-13.561310867563222,-9.168664184934812
23.490682411213516,-3.603607687158124
-22.88456445014953,-8.522836428589518
13.323065982700784,14.795133531372
-11.1155350498031,-6.108686727042928
8.026185141392991,-21.00063383362458
14.085557178423766,13.11993272392244
-26.57295459936483,3.111274801352458
5.6883616902077865,-20.60325144103176
-22.960052400827973,-11.376585861461916
7.083816885061948,19.86283769460868
7.038869987854374,-25.205275820443898
-17.527478712639542,-11.248305728557074
10.163120801231004,-26.81018515025001
-18.64581583935219,10.097457693074281
14.745619275282518,-23.520670217474017
-9.582305732676385,-16.49639660165369
21.971630896622862,-7.130875267452789
17.151954384123187,4.523602651577452
11.656004174605451,21.73605609657841
15.241525268873815,-12.311982132384573
14.812892004129633,10.821114991072102
7.8470450003041625,10.067511467887195
20.974301620736746,-13.422062057468096
-3.518084336969347,15.225727458077865
-7.039970516936475,24.191426490576006
-6.534787744459903,-12.36907656709726
17.03155777932773,-6.319256293834421
-15.661462053589057,-10.234672499003704
18.342293469685234,-5.492071699494332
-4.616939480038726,-19.387262765162813
-15.863328924233594,-5.1993128257796455
10.633793837579141,-7.771358857476374
-10.403591802448293,12.252767528343105
-6.185920834827097,-11.70914441242118
3.913153049890059,-21.076836142642808
12.098203117254773,-2.258520419024476
-25.180397010348738,-0.7328261518870592
-15.510451437458844,-19.293223785350563
2.457321647931363,25.5383031859065
8.498892043052678,-23.934900620722
-16.103495175602824,-12.891501051687763
1.0490722119574214,-16.834202610749067
-20.146130279035837,-0.7231484960976655
-17.834186572458496,0.48086025442096064
-7.293045909512923,21.675367498568395
-14.795101575869168,-1.9053713474542993
-20.175713245607486,-10.459293775833512
4.87449844545617,12.120256980179189
-18.170800408690944,13.729933796421827
-3.627106684363049,12.38807167127231
-4.479293766172312,23.219444495455154
-10.500125338770186,-9.530586763102871
-4.646963764066487,18.924870373519724
-4.827501892611983,10.182082000351148
2.180726219193542,22.613578766729148
11.610507479825138,-12.372260180813747
-10.952200042504334,18.838902320053613
-16.713402839534066,6.576657325364054
22.534456768770514,-0.8263134547865302
-15.382324292045464,-13.473708765424014
-3.715619280432935,18.881051040427216
-3.8426335081290115,-17.680992245807587
-15.951612074546576,-16.110258203235762
-11.069645757905569,-15.531944667968274
-14.636306396002457,-17.52230201641258
8.76910366195486,18.78128552842323
-21.31287327472203,8.370904469170828
10.600870051982051,9.761267185194656
-16.796943816767893,-9.021647138054115
-8.633395690841862,-9.915900770507397
21.001934809766993,6.6974481190662845
-10.112201658839561,-8.493507578483564
17.562238057396385,3.3589102714098207
-8.980503737914445,-5.327053339386172
-23.564532259032234,-1.1495810697206654
3.393941916043078,15.631725436029438
-16.726112101034385,16.424190122718755
5.346143692988314,-12.32597778094808
-0.8773901619192402,-23.425557105483545
21.60733516490882,8.850673414955354
11.663986113562226,18.010330349400423
-16.421393581660794,10.068368859723691
-7.115332320041225,15.375170148040336
-9.854750538700525,-2.7810429168809847
-14.942654349978005,10.56843196225924
-10.460380374598332,-3.9911033493646633
-11.028156416014053,-20.790700805977373
15.134591572837383,7.645197589867884
12.197910414186106,19.68025465883762
17.335185913403755,-1.8535251689501346
24.313916412410702,8.652384352672556
-25.543503891136414,-8.862076113153607
-17.31980820600061,17.73651229902686
-18.22696186909679,17.186524581247344
10.423105382154793,19.03778050635332
-0.8243375065010902,-10.069734314515877
14.52454656427105,-16.593870519879378
3.664681731920365,-7.965002034938435
19.865870661110407,-13.49531421790397
-2.8205931794060763,-18.74398434061762
-18.619639707708995,-11.634456583327548
-7.855170252216945,13.691216990259791
-18.70033000051435,15.430988660513261
-17.604372825455457,-4.563267198957915
2.8850684721210027,22.25958729050106
-16.3995056122739,-4.782248475230137
-21.148055057510444,15.624790829482288
16.31437346476526,6.310866289099753
-12.93669144613436,-21.341613093418957
-15.250794698875653,8.933302121702097
-14.937198434342466,9.423594623027974
-6.8166049094698185,7.150948315502062
17.935724137774514,6.660791987684237
-9.269580170095326,9.618364261154767
-11.87731481401683,-14.633979488444648
-9.899362837523691,8.074062666802725
2.943871634614823,18.357973220496472
-5.228343639480993,9.358875531514151
-20.643881528575857,4.316105573834332
8.520114449755352,12.134486701779371
-13.719062794702065,-21.92121699356629
-3.8764631710773303,-13.59744259671836
-0.12911244049525392,26.24682185144394
-4.618743207465195,-14.526067278686037
13.05541377477991,19.790152565297078
-13.170339192900142,9.127375187555861
17.529373391199627,11.603109290789796
-9.649680959149151,-4.103132861244057
-18.51005442570381,-11.903142104161077
14.889962260289856,4.298839755002717
-17.19911172928488,-19.720813412141766
-7.379283848483987,-17.738906761423117
17.28177088858049,-20.096528686201626
-12.010242530198514,-16.13676538206402
-8.12326621713455,20.92088778559606
-3.0510755213887086,-14.286720573638597
-14.418774823986993,16.844342480301368
-14.098046821857055,-5.347376308796054
-2.253319386750593,21.992597561422098
20.615031340704764,4.753419159867381
-0.31050900988483426,16.366890082709293
-2.7745049861890863,16.418521968082672
7.179324680018382,-21.423900111045345
-8.153917868638763,16.87029599751034
-2.133281419905857,22.073647936364466
-1.9165659125421504,11.857042424831555
4.326910539948722,22.696281583956615
-15.077108483727116,8.65663724543238
12.576863862541678,-14.282012319811551
-7.300879904357816,-13.703112905458813
-13.546825477201741,19.728109126151352
-5.960101616609559,11.793353028165363
-14.826007450981272,19.96053866452531
9.194081702123384,7.496285074030124
11.116505381084199,-17.188488970120343
-1.5346770625083008,9.268702879608922
10.752190379040366,-16.768648422817957
8.049054413054494,5.068816635514435
18.683822871423498,14.36457128027958
8.871828608722765,-11.238808050964439
-24.80192206877306,14.77558882388631
3.5687292512917246,21.474420457189687
-0.5898766294273377,-29.315650473758758
-23.302753582849498,2.228599936238953
-10.783315420394421,12.812267886494933
-15.726123715186308,13.139399990749729
13.686316054773362,-22.42686498665173
7.444516764627395,-15.391978360619998
-13.060556064566612,22.84233510525813
7.874254806546432,-15.508677244915143
-21.086828578495137,-11.169522325732363
10.464018471452631,-12.589282604415045
3.563747761984769,-20.398008372957865
15.279443162698024,2.5538717570600036
12.449797956120705,16.702432914579298
13.664282074911918,0.317336089666726
17.410201259454286,10.572061274656821
-5.539709330843278,-13.872801956619522
-0.004863289277344354,24.565193359912914
13.133403754074681,9.286069831918361
-16.73184302827058,21.7767517717546
-4.843897547791954,14.000889197134532
16.35696067285634,22.440841885569558
10.484628014471003,11.242528560708145
17.490604872126998,17.11572496741936
-0.9348096557953841,-15.655321050285451
6.567833182144671,23.4851564845727
-12.42888730158453,7.149131274903862
-16.079206785661558,1.8025595789021969
-1.3343408739542932,14.740382075735125
-10.24771105502859,-12.71793229206137
-17.154876804258645,2.7124646155619354
-21.855974905979647,-1.7886762345159144
12.754213718863495,-4.6065589502061535
7.896544875216201,-18.981166871347362
7.883574272699858,8.814155669221432
9.193867011049877,22.54428080071119
-4.990274102570638,-10.697561894013113
-20.71881991810755,-12.976791832983475
3.7921411744260207,11.162869217980624
16.91180649686932,-14.9416058256006
-10.69043606734873,-14.648705493759003
5.441065186188011,22.109323769061163
-14.920701372976962,-13.882397818159006
-26.051658441789748,-4.571634271358819
19.95064186138952,-5.554147750874108
-23.865765193448294,-5.085238333746044
3.4810832384359167,-18.73870942492474
-0.3494917849259551,23.067279911492605
-16.269733723593752,-8.17210536840808
0.37951011559474285,-23.159760200389613
-14.603088783468058,-2.0031471795433924
-23.100761481779482,6.302301197294572
-16.266532192441048,5.81250759615364
-19.179095109164003,4.85907649374112
-12.771846342251344,0.6834417128541359
-4.317686231801629,21.405846161807908
7.789038748782601,11.061569703532342
-11.126857241464867,14.486133867327643
0.57657613655817,14.582115165287135
-10.32131711445305,16.675686491679734
-12.116506847582254,4.49125448230678
-19.955662969039853,16.855939830000853
-13.034449078996424,12.004723178670176
24.196231509216535,-8.811565633532654
8.283583140289815,-13.641561561730168
19.11772569077722,-8.645393709907685
12.814353027833775,4.914084191994922
11.038287691053693,-17.515779806575157
13.78376924924597,-1.7666052853286425
11.072369369266273,-23.137727212621527
-17.578660409245202,5.802745350719831
-25.099155893873522,6.620523474910126
-1.3587676944493585,-19.291012655297383
18.835299156539087,20.01376820010543
-20.415897459947715,-8.294648702748605
-25.984031787525595,-2.062970554081067
-7.693605996522914,19.066385874538057
21.918080854967005,16.462931304807682
-6.164624488742836,17.03618103794304
15.719402857886537,-22.771618554579817
-16.322865910167106,12.723490735283093
25.495056742176995,12.193475678691462
-21.90465580073147,-12.771832501162628
-27.93902999888605,-6.750118019131141
-12.554378664144851,-24.13017648141049
2.5903664363876517,28.271461435686184
14.181022892137975,-13.741171396207722
26.637965826042866,7.809762532456648
14.098530200784504,10.361407174660048
-21.93239575122157,-4.620625942403733
-13.972554227708324,-6.69494114594585
-22.316095863124563,-4.451298396364316
-15.513981563755353,4.548154769753476
22.07006217226489,14.287977829597347
2.6215849423692044,21.29176802932748
-9.160144257600306,-21.9945176352178
-16.789624904161897,7.172896323823331
23.514269429247857,-7.882591445472801
-16.171031931922876,-15.295068805597635
-24.66909642308765,-10.170645379668443
18.315948850663624,-13.353816079670903
12.32733597465595,-21.32304661709143
11.207226285023863,-10.371209110953286
-17.576181796259796,-16.52126296653336
12.072825612512862,-11.609313285380987
13.4028965994378,19.422599891828295
-15.037782352175519,7.305064627769683
18.55925788376299,-15.701154143710635
2.8296779490718973,18.15011224548622
12.3309132443691,-19.241065266781007
-10.777690992389685,-14.272128919180073
-13.400039109137204,-18.650051358972004
17.935780506575416,1.2698209808116092
-28.36007278459998,2.5061482725960875
-10.188278392146849,14.582916877449495
-23.476638084142916,-5.637214790502413
17.845050537797256,-8.28455261705886
18.03800265384579,7.190385537795162
2.181963323240422,-17.457771666870684
0.03231243820145137,18.33872723959201
-13.55453452673201,8.80313373836209
-22.800812411348996,-8.758814138073213
-3.1147075741127033,-13.988690976176217
24.15864605250482,9.11729284958071
-16.50698521479491,11.353742309653898
-22.35318656788566,-6.211831919221536
10.150374388864531,13.798693827609357
22.2452687497567,4.315849322609948
-3.7839433798498705,12.233966568475855
6.287051347493232,24.278524600803877
7.175118067237813,-13.252040381629765
23.37974374752961,-1.726094914771877
14.140532467540003,-1.577298427728909
23.4892684050146,-4.819018468991355
-9.775421835674523,10.317111197237553
-5.273448415025821,19.68510955471348
-13.053253308768719,-6.59936442897788
-21.01612661146891,-2.8481121495476653
-14.476311305011341,-1.0315255562248729
17.697760908573965,13.652794324882581
2.909627705581916,14.191936439064644
-10.627418652658797,21.13849689839564
-9.684465488716903,-10.423184813446357
-13.212820544912905,-14.60272294033527
11.60231036750435,9.75350217342833
-17.940049574739984,9.612363449803036
11.895330800967225,9.43827850169605
4.952173236387365,-16.66145776311833
6.536210237049032,15.42504394493676
-18.455260906892786,-2.347411688642057
8.113659394587247,15.268089785115512
-12.172219305695416,-20.36693980705161
-10.616335839719595,6.132148642653673
23.984552013109482,-2.762130034014665
-1.5312551531456036,-13.55598897049484
20.353893435012058,19.359014288883493
-26.81784747582556,-9.262814739930898
-10.469441388973737,25.792218916833964
11.886758298661485,25.344752245446184
-22.248023076575397,6.86235618015945
-12.689677919054624,-10.255689816495524
24.500919246770565,1.0884847605263797
-13.631061120354433,-10.865434288826332
-7.625694175553171,23.26732022257913
-13.320873361244805,5.656951966999963
-24.82919656237977,-4.533327601943075
14.937396847417391,-6.978988744992105
13.142127264247298,9.117649142836385
1.5905663914506383,11.524379406638324
10.784063801998363,11.748259227114517
-10.767949629045704,4.999060495789957
-2.5173622363316785,-24.90844456940689
8.583693647223887,-6.6793046263626845
-22.880163905588347,-11.493047983928518
-7.610425030509493,-8.094518265231475
6.994376250519928,15.379185958552096
12.903846603834538,-6.812834997046498
-6.401609245080848,16.48228199261043
5.402193869248088,14.374918333860329
22.601269499241113,-5.664887180002634
21.182241898562125,7.125067705260081
20.918467028414817,-0.7391348542438729
11.478815871199808,16.380527687079756
0.4708647747098917,-17.318681425450027
11.095268471566259,3.8243262407228458
-12.503978889261722,11.261312061843665
-4.268129865083263,9.60012671572722
15.653340906538045,-1.7359121372405204
-7.146593032826017,-12.07298189303496
-16.853861314435463,-2.511571834690927
14.667900884841657,-4.223865325931672
10.661159175983956,-14.937365505586078
-2.398864181007762,-14.998353515423483
19.083078341071243,2.9715572505813994
-14.764166837215559,1.4693022842093817
15.393022606853977,-20.449223284282372
-3.1614354299362155,-22.863443161270478
23.341056061378172,1.76980051315525
19.57217140374939,9.512883906483438
15.851856466609053,9.91569566326604
1.6670940062319137,-12.216065569291624
0.02904883983780981,-20.05173634097809
15.93849939242306,4.4502319882728525
22.770875190111134,1.0580930432153932
-1.269747951706581,16.294940511606836
18.397307429233575,-11.46907705520336
-9.213068621831702,11.180910376823773
22.419152229362435,0.9993967787596298
-6.574237663426084,13.367285350006652
-3.180155865149516,20.931849051894865
14.196092968817535,3.8501014221743626
-17.874811602162243,-3.6079129890657424
-17.66511244210517,2.2690444314470297
-9.944584659928465,15.144497862787578
-8.23425150488558,-16.992773230135146
4.475008916061554,-24.30317597044829
-20.43147674379462,-4.7329580705978875
4.044397880273342,-24.14078823621091
16.17024399018795,-14.357783927019984
21.42282891896499,15.289998177840213
17.07623423003885,5.099530585251474
-4.74854708526147,-26.29424146211588
-2.427345589259899,20.999132217415276
13.69380697753367,-20.52681512521335
-11.562636058055848,-11.538960087585506
10.618836325632504,19.998763672500825
-12.053487409107449,-8.931632587124774
-10.61181764387973,17.827090578013987
11.005091274498104,9.054670466819031
14.297484652591839,17.46040935606694
13.392997128817791,8.260316775779845
4.911305746529481,-19.284203601034484
13.876655739621151,-7.955181643446087
8.188977813115491,14.413942911817852
5.108411685172481,11.77401360739251
-16.86495638751319,-18.537036603158597
-17.91869404478043,13.797993654782488
-10.492245162193317,-21.353205921642562
2.4504825126202707,20.042305810358986
15.210506384973703,-16.789364303410515
-14.462076902925427,11.403651554631482
5.878560339390288,-22.448487799275938
12.816200741070126,-17.290368427433236
17.73662642548136,10.77463194712367
-2.456466473398046,-10.895335779413799
-21.178704264171852,2.663303463011511
-11.562884264664804,6.0592341209722385
-8.439524857697847,18.439347101101184
-9.748950045280521,-8.659282002390757
15.351043259134032,13.218749592408646
4.23121381942926,16.51698931203911
8.238965929067843,20.90756315872031
-10.519610527235868,-7.878922694098998
-7.345866585065934,-22.434441478995016
-8.54403650459072,-12.019789685163063
13.981195972181808,-18.656136457945653
-19.08882831217931,-0.5514918873326582
1.2651693189707138,24.250747776738727
-15.16352427559589,-10.721338247000967
20.173005391731326,8.404618748256986
11.922106469579516,-9.091047352568303
19.521690680085168,13.042149814856316
0.48476135404918813,17.284093568595168
-10.765046702687524,-16.442443545139906
-4.8873975964746705,-16.28723394783168
-11.97588662080363,-15.869935795695218
-6.951870365241033,-15.277668414803948
-23.05267449922888,5.132714812603311
-11.821296524208144,-16.099404647356163
16.927896978637758,17.932456489037527
12.398485432007986,-5.182044298840329
23.809812791565687,7.608796790583621
15.192583924959777,3.219200157707
-14.53490369528332,-16.157445938052504
8.198646504179246,13.912546374409319
20.242578332323514,7.753294356630643
5.039330537013973,16.06248386147917
-25.00421704833156,-3.6359595023454365
-13.810241981050384,-17.102409303250166
-24.44220535222125,3.7540647428113387
11.635031180044997,-17.03408917873414
12.080606162025472,-19.74305042645437
-12.642568084597531,-6.938032595059723
21.137809122131255,-2.6442478684639954
-2.1025370636445415,14.608054233421038
16.03941585921682,16.895895412221698
6.603223012012986,13.592826118286592
-10.938206529127179,16.381306853815914
8.652738308971724,2.819222602555037
16.104060369866275,-11.710277739849598
-1.600470433995849,-9.340626465542957
9.55641176603808,22.37451115380391
-13.625242054807424,-12.384977150115693
5.733159387843386,20.593784878083557
13.417876803521022,6.821661822786814
15.554418991205367,-12.548376758892632
-6.347754709534925,13.70738427180609
5.5074123815480664,-18.782880086444667
9.484352539904313,12.507805367103574
4.442904383419462,20.606011538559287
13.338147114729042,6.183136295492975
1.1761032890638317,-20.296625422958538
7.927043365683136,-13.58701782742582
18.410576519696924,18.072558655215317
2.185098799516039,16.305054343951483
-13.200949033772995,14.640770725146966
13.889317389070012,-10.976431842523725
13.472264108866373,-14.899997902190991
13.252539686099874,-11.50508327155981
-20.48307041018027,-8.08684021069856
17.35856787894481,-4.607620812141569
-5.648937046837482,-22.879096575266963
4.48455290930689,15.087811210274646
-22.937497323343834,-14.92469731909611
-15.509784711482526,-17.68835353772481
-25.395662808630554,4.552223910418294
-19.521715494677203,7.993928184665214
-6.061804982747874,23.806189050700453
14.102402323438778,2.8475168602087737
-19.69843674834784,12.93022097372449
-3.942916020808993,-12.355991168269632
-21.338404620252643,-2.8258194157330228
2.0572394131601817,-13.813027745179411
-2.7363639513152607,-22.58640771496075
-14.607906190379584,3.8389838779831784
19.92362847969334,10.593624678955598
2.472672616816465,-13.702853315535842
6.045026135874219,-22.548936005613747
0.24205588919488377,14.123105159126853
-12.638275989672984,-19.419533221217165
-20.338054222984532,-9.725660470356626
-5.242513814454868,22.395515821595335
-17.974712069060303,-8.097328170671908
13.5794313085698,11.049514913247263
-2.0721580066996994,11.908325402332412
13.535982430770968,-11.230472694142856
-12.063074778354087,-0.8787113782556741
4.113417643672176,17.330768818627647
-4.513684308350246,-13.236076819744762
20.770629280531274,0.4348278561809301
-2.982154411425165,-17.545034123598473
-23.24749101136768,1.428196612691711
-20.12595995826233,-2.70417969446079
-25.149970238781204,2.7107879684308136
12.997875984926308,-18.21803158910723
20.49762940471525,-3.8315649817496302
11.313776042383823,6.21929237376879
13.36671559598489,17.300766764248667
4.221373410868119,12.338201019604567
22.315143282387766,2.422012329693201
-7.518247687933158,-15.42666448873194
21.745041667461944,1.7194119729146011
-15.529414746931373,9.027766619975777
-9.625308907238217,22.44858075961702
14.650534983620796,-5.311587522798993
23.952105857831125,3.5555222590614552
-2.5763875071906464,-15.246194972826606
-18.25595533132636,11.553217741058958
-9.882006411126381,4.109866348214057
-0.45711365564978107,-21.463797812604284
4.885915248678375,8.87048742906004
3.1192234350957864,-18.893233190790355
-16.37776424507762,16.454013421336114
-13.428416214369228,13.157949352847783
-9.967433806353672,16.061627161039482
-12.697034702812203,-4.05617896232783
-9.599765236714079,1.5660759002485738
-13.058283714723482,2.728795377137623
0.30435012171596904,-9.07268967031685
1.9633087122790258,21.157820519575345
3.7652644066675065,15.286056382126063
-19.107152342594574,-1.8299873600313563
-4.511900749336602,13.187287348770726
9.889483662274433,-21.374392636622193
8.339897537801685,19.284364372884607
10.049439256294079,-20.241108983421327
16.554935341416968,12.03999925095727
25.050670771513214,-0.7281676863644084
-8.200523204465355,-19.54580075615444
-2.3310101786399833,24.409739148026897
-7.730038401686277,-18.1978331805191
-20.420334669649165,-6.318014424643482
-8.673671396662806,-13.04537203657706
-19.32533515075397,9.21435040179881
-9.242500578841268,-13.02788307875887
2.0149519088004726,-20.284722664610236
9.827398884717521,-10.429341895111238
-0.4627977190108705,20.84537091455198
-9.343676533383857,11.864989414352497
15.790618902706504,13.854251528166767
4.7317489841029,11.601160729098575
16.69864720196285,14.525474270144988
1.3985751197282812,-12.932772996773949
0.9864507055497916,21.72113250817673
14.910263657020339,10.453265813557119
-22.27277541588536,-1.3787898958406473
-16.078792839422103,-3.754000886856355
-10.382400179027972,19.692665701042575
-3.671063386038429,20.143688496826993
-12.359134001775109,17.413918921797002
-6.60732469720711,19.109934592538355
-0.09639899108931341,22.348135040283868
-5.4267746265215715,-17.533642186469844
14.270907876427387,18.190684759906528
-18.767600017407165,-7.69358143648419
-17.04396981305608,11.832764906615687
11.28766595378567,-4.690606517597605
-10.01080620790976,19.044658151329177
-11.725434082854377,5.766097246864245
7.060220654436686,-24.2611501010868
-3.021278747023675,17.44408539934361
-6.547839036015879,-25.75679444523309
-18.054773238468503,-5.928193873109924
10.421396287563754,-11.554505793797915
-13.488276222807853,2.021030352963548
-14.53936826132744,0.19096630154824046
14.315616854069939,2.03676809541929
-12.19511104626371,18.797175487256975
-7.835861208332579,11.803951137188538
19.589693706764997,12.59686573763551
5.966573871138681,-13.167133449878326
0.7915646373148599,-20.66315843150297
-5.761794364859152,-13.679149707378485
-13.21169655649998,-13.506768846302949
-12.981095617070318,2.383781687323292
-23.946176647137108,0.33017227494201207
-2.970590842107158,12.638272840171723
-13.09711328716823,20.18333966851929
-11.796694050195445,4.720308436572406
18.345372251285784,-3.761748279712051
-10.18008151083859,-18.79017886097776
9.862160605555164,16.07128643199217
-13.706819470765193,17.29343494635591
-25.400357415510975,-7.2917289769219975
7.28995656175403,22.59780489028592
-8.44902887918983,26.126886166895513
9.468211006422235,18.275098544728664
-22.187798791856405,12.0354999562031
-16.778786209786816,-4.96799556785792
-0.05951696659971729,-26.341603383726937
10.715100929632342,-14.532429793742166
-20.294657752530185,-18.760162731777825
12.135275263776812,-3.427469470872739
11.882459411451364,24.800943299986777
1.0752095007306697,14.953418294872746
-18.747322115776623,9.549859160757348
1.4221928811559033,-14.430554160978017
21.778596088785065,3.348652302457889
17.710605376271744,-3.7352359873019965
0.3678822443140269,-20.986410762021407
6.431258325177173,-18.73934097482199
10.151849227216635,-19.734502043820545
-20.330712550587837,-5.136153221916035
-19.746682501100445,13.565116782612003
-18.923127205148262,6.663487318370875
20.345690012680734,15.489689430361706
18.98341698874828,1.8573088214077549
-23.88352854099957,2.5368836099902126
9.960263133982671,-3.341810262232376
19.070422596789147,-14.600074946672283
-10.25724399042724,-0.5716288274240772
-15.367577225473793,-9.50791915202287
1.6228357862264402,-9.829259833722096
12.653954786147192,-13.764711680047013
6.9844139356309265,7.835155496377144
-8.492785638342736,-23.910980992223323
15.861544750413778,-5.635027188198416
-16.324945949580048,18.803034583984555
-5.379742268274666,15.472579543354572
13.10837475548619,-23.3986296106377
11.147555388482706,-20.774034723010228
13.736961839778175,-18.90465266122496
10.365579212135472,15.680301487248114
17.171557113553074,-1.2099603933067968
-11.078819132017061,7.220403323049753
7.278707281877633,14.430636105065508
-1.5937165977769534,11.619366516928848
21.2427659052181,-14.752898245936109
17.194525158687867,-6.422153293443567
10.844467005420954,-23.749943724985155
16.120961284979476,-9.36741374384303
9.957474627566501,-22.092981630703925
13.380305599489276,-10.262137931427437
-4.239588966858871,-23.958659145337318
7.543773726058125,-17.153123263704778
20.033272383254598,-8.185134649078396
0.9336090001867858,-12.293849759726704
9.204785779627143,-19.92265306152892
12.342253925657886,-0.2735347849733952
-21.35420922674932,6.310386718686948
2.4124162007442593,18.995633367267892
-0.433485569781622,-23.38180452126403
8.52947796119002,16.82601615575395
5.7233006417306,-21.52639172648967
-5.756500804623883,4.8679725031979
23.679734104205664,5.811587170800874
-5.3228151751031305,-7.985091780528203
-20.39451546549854,4.902961813515334
-17.170846739501695,7.619517468422931
22.416027946595005,-6.2670267345487405
-12.762133312263858,-17.081039718175195
-19.131931189449066,-11.258625211496344
10.535943774785201,4.8124343582779305
-5.370549633090244,21.725472867571415
10.319270988024734,6.455903767379603
13.327982438524257,-15.422299564853589
-18.587383778145842,1.7145195548468533
-13.616697803371824,-14.498483540687978
0.851642556664861,18.87329186972927
-1.920568506469042,25.7092766835554
-16.234246827673,18.404835882597094
-2.9607473242974622,24.112825312611346
-18.85156879101109,16.425622026637
-8.563894246127653,-14.878652526294845
-15.017889838957437,5.514356764400868
11.12580493184567,-12.809215872064774
12.392644754928254,-12.155454514916487
5.121097626842647,21.41711085999756
14.810538863583831,-8.877991071908905
-4.73343412470304,-22.939433576048746
19.988767268950657,-0.4694168031185828
-17.993373965463558,11.879747677828059
7.358109874861154,-9.248999041937637
-15.606754240199711,13.31014613998294
10.39419908165966,-0.2535772177015263
18.583137218081426,4.060276569872693
8.1172052201573,-6.470921047001616
-6.187605134503443,-18.75440849008257
9.423614248218797,3.6169716301483277
21.843290157780125,-6.67290801332235
-17.767822523293685,16.347883708507613
20.43127829743057,9.637780942296033
-14.42409612670992,19.065553180824153
-17.542971318596127,10.420240011322424
-17.861045126049795,-8.164805228142228
18.660700689227788,-10.674633961491576
11.49336257198785,-15.60845584490825
-20.20843121275224,-0.8887089234344384
-11.156519051768452,-11.685546818198718
19.477212337876175,8.73296533575068
9.652351938721896,14.536432531995965
-21.205517355602247,-11.63654402516002
15.363481479527078,-2.3231011272239424
24.329975432170848,3.798240740315539
12.008609374076272,-4.553149343606039
-15.66595197080176,20.112058929019703
8.867429758147514,-18.15910695277089
23.887375121796858,10.55682956589533
16.367791969437565,-8.86673859908296
-25.61061821434321,-6.028807394089593
-16.205312195677575,-1.8390428707484174
-24.989296533752793,9.268060567962968
-10.415908677235286,-11.267653551522928
2.5688548930482296,-23.661711148375616
-14.686237637207816,-1.7827576842519945
-22.82836287356771,0.8888007255593257
12.58932197675854,-4.572455651275127
16.025337574885263,-14.610647074501447
13.406032123583216,13.062590023752518
22.061840095774862,4.7705296632479985
16.5459744359129,9.17390151697072
17.389540457670947,8.781224632787675
-8.279582844457043,10.754310731967614
-13.214556824780763,7.577248545180906
-0.49401098551514216,12.608364348370813
-16.850670827758318,-4.31610778004882
8.323395870294616,-4.8725366775654235
11.279958177230688,-12.044367898362422
-3.1273151671170183,-8.612602320957794
22.535821895389248,-9.457058818784056
-20.074798258137037,3.1970516733017917
2.792065462504395,26.415344452602934
-12.816868855049078,19.47160323664571
11.998725290509684,12.567202965921695
5.005666885145937,-13.375033020583366
14.661875422229476,12.330562486067063
-14.802558708425536,-1.1640355447103734
-23.895725538670426,5.9869097332249215
-0.3405170970204435,-16.567693149574275
11.567546055629421,-22.064109552855637
-11.574191979327352,-10.886627484421249
19.661947633602704,-9.506226027376247
13.173275303582924,-3.0574612482890773
6.488126324891422,20.853551662027932
13.931295810734829,5.629042299865286
6.399030067905531,-17.003806798616722
-13.433524642004768,-4.644991911860733
-1.0291674940244329,-17.543124253816476
10.384153587287042,8.53251427992436
-17.642824014972305,12.380598466309966
-9.91268641218576,-11.82251804928104
-15.107031437967601,-15.883986535441428
-13.180422752883924,-7.738672062769011
8.882946415452976,22.889803409812426
14.07994311785321,-4.97935706930281
22.55605833630471,13.405479190187746
8.960988207281138,-13.623692285523736
-22.199319161939542,9.358140059832252
19.45540690337365,1.1182596163053002
7.606977290517349,-23.348196963107323
-19.547681163359456,-6.880391853391504
-18.881648938342913,3.3307531677927957
11.085617412278227,-4.33552395916669
19.619034859016505,5.32664887116697
-12.772065515204243,-3.3705629421658565
6.387893517085216,-21.746758537118843
-12.665035447934647,9.214113651496197
8.170969980684276,-20.62023478689451
-10.59642892963042,9.275376826608806
12.682422268524409,-15.935820800970147
-11.530712350969328,-0.002297558867356311
15.373528856493802,-15.652975613950886
10.412991105754895,-8.0319558200586
-8.08095172087376,-16.625073025910137
14.352409563848735,-8.598904702970946
21.623459056709486,-0.8434807171873318
19.830467284562843,0.48875203378225557
-22.52490691951621,-6.229003320861567
-6.248710533578893,-15.855645983255087
-2.1421093253644727,-23.11187275661475
-4.268233207460579,14.545889887130382
18.193600005527507,-3.439949317964698
-7.746096777890416,-6.2321823510102545
5.650721393514596,-19.541463065571133
8.260261589397942,6.282275126640201
-16.58847148118816,-11.507601040223394
-2.445643184685293,13.774670244385968
-7.3051250664473955,19.695462133603698
-15.279899714008097,6.5889337262193095
-7.628076862657059,12.439791724646406
9.312638272725833,3.944443390987388
6.617736004385345,16.19868009558284
10.355096838213518,5.722269614796847
-16.098621108550915,-6.2692201449985525
-5.846342927173532,8.141762380408347
-4.4472894816900235,-20.288303951980364
12.625192140603133,-2.68150768299943
23.703218363068647,10.158593147307664
9.889740276827224,7.188136470318851
5.922245692122482,-25.56160286958325
12.934034373599138,7.383612563013623
18.862645621285512,-6.278374641839319
-16.62969655260566,-0.11158633437722362
-0.7288687845504328,21.444259331735765
14.791174277227277,-3.7878213395962104
-18.396656108265315,-6.2280066359539275
-1.8113747724377902,-15.642581503915938
-14.25854812766222,-17.842342693856963
-11.022906633404238,-3.6502843902903424
-11.103704801536992,-21.666256056783624
-14.34603741603225,4.69964115825507
21.681200424565656,-4.573529031617251
-5.1131603622290065,-9.49542506860239
-17.622236982390245,-13.629542044724966
8.453187338101253,-10.768171052892516
-20.38808867484413,6.978087824509855
13.048259355323488,-11.189395684244658
8.025173742098874,16.157798436420038
-1.4969969069347382,14.88724721271789
-13.088620682722082,-19.10370553706119
12.162408216747957,-7.0941165671767745
12.182725617746417,14.757587725661452
-13.360497317772422,10.321064151160812
13.571408766473848,14.60972099872117
-8.263000454403521,15.699386197573627
-6.30454017231353,-20.528855455562507
9.22087692874093,-9.467498005319205
-8.042172686015489,-20.7786399075587
4.966670923345009,17.09083525575022
-20.51731944258801,-7.43197557626754
12.000742330058584,10.2875349684409
-18.826506497044722,-14.822576775804174
7.818200996805846,-15.39748012218007
-5.798093498319486,18.926413474377732
3.9829197515223154,-17.225474647175062
-1.2198206330595343,-20.512134772491283
0.8000998125661472,12.092746362179104
1.0263466333150904,20.945633017989618
13.114448132252036,-1.2306006245024337
13.675357143382524,18.946838809440386
11.74982240764971,12.072801470508967
10.181663302245104,19.10414717320762
-6.082802819574567,15.037654750237218
-1.5443667358323376,-24.77284895124477
0.6565208605153382,-14.377734427186061
21.305102039313713,-11.733184908578364
-13.64000904731759,-1.4148943481641572
-12.363398740761745,21.181999131147478
11.427225448996468,11.331535214344258
18.150852120477822,-18.25581708999507
-13.517786188497722,7.077945345759707
9.861881605113096,23.668549956766178
7.602560118476328,-14.243382026711064
6.05647834400058,21.876989401313864
12.651067542785928,11.913795198099047
-10.817346990943845,-11.357215550428089
10.20935539920402,-3.184606774731348
-3.700429912978128,17.241311245397398
-7.244865027975727,9.187747058672253
6.99340428703821,16.77496379143176
13.121312353137732,0.19998985502832373
19.299038862033996,-3.6831820878185386
-4.897060985788188,13.728701879957523
-0.2518850015567249,21.170796903086572
-2.0554590014788254,-19.81960387832462
-5.7304021266927245,24.122640841592045
-20.206945001868664,-8.768313608329922
-13.551931418379432,16.957520529032642
-10.08055128389814,15.085811739100528
19.74824111399768,-3.137724050387324
1.1631650248733985,18.208024769911773
-7.863236398159836,-21.149483046176407
12.21833425845526,11.825233494661852
-8.310797221526009,-22.041347609466598
-19.17516212843358,2.8430158234757243
-17.246640077956847,-15.744995362834235
-2.003234064379918,-11.592479463742944
27.2715486326237,-10.931907629699435
18.186755051039665,-16.198490574831368
17.52013469847415,-15.603431865904048
-6.378363074494159,-10.280331021599903
21.41208417319377,-4.094745816116665
16.241611306565293,6.9510725537378
-9.643146337716017,-18.14840384372002
6.562106576723437,17.089780707184584
-16.52248650819677,-3.0842245447187984
-15.547121709515643,-3.947195098804724
17.94360046533008,0.4944261537994749
-4.43816287490476,-17.75331983342746
1.9782006476718093,22.78266704338367
9.647520214207297,-8.446482034791675
4.242424106474857,-15.341158276283334
-15.746185720845268,-7.35263342859268
-0.5386814127871596,-17.77261421847727
4.842264050371641,17.280807862192532
-9.927766372495011,23.123853048309634
-8.957381848874677,14.385257849441548
20.02661339265703,-5.063372105371028
-13.390905772101261,-0.2721394473252676
-16.472569428955072,-1.5550853013900916
2.0007346109615813,11.808695187031818
0.8565885850275166,-17.947090061137754
3.9076208195205613,9.36838826613313
-16.760886595265987,-13.000487533441676
6.792639416205843,6.937732527854594
-17.43788246064431,15.273053341688756
11.362526390069695,0.5357037373992364
16.85892116994396,-16.02077719131711
-3.096720848306191,-11.655620059270586
19.03247020107592,-13.531483681674922
-5.814059604049585,-9.192270143353785
-18.717702025141058,-2.050994898996711
10.840676617100414,-0.7129336284651974
4.389495213056398,18.506950784437137
9.321519374048464,-7.812681698073978
-20.460613125330937,10.023869993052429
-10.830915150154327,7.421966647374982
20.129457075874527,-1.0099676352310774
4.592560011833863,-10.88398307449539
-1.2762772723080156,22.840344257209402
3.083329499323054,12.581131852633046
22.014254714660723,-1.8252047728226175
16.760000109988834,3.7729850189348326
21.51893677635105,-4.985604392153236
11.250364754399772,15.69418255717562
1.8596741064647209,-21.75410163668066
1.9421770794693765,-19.536191975298767
-19.168146122426066,-14.41602641871583
17.51382554350136,-12.185451497517677
-5.900803215462039,-23.753444281290236
1.9081508955692097,-12.633107051331011
-21.984308732623628,11.015737209928638
-1.3859142907327076,-13.290028578027023
-6.356870599402119,22.806304102529012
5.107172622995569,6.837500274220535
-9.093206060208614,16.66260639186842
-7.275819327601688,-13.836042962974377
-10.095738992239983,-17.56388018616304
-14.778745736020747,2.3837812508668628
7.757244242714244,-11.024517109553894
-11.266757261419288,15.872510773601558
9.707967825014721,10.483846723785533
19.094380335784027,6.344719149485287
-18.65184356057652,-5.3343590872894175
-13.003678505045473,-4.755732902146229
22.502154323934672,8.880158173498211
14.133761403354667,-1.4084600169825892
3.7935398098362705,17.32020473861363
8.682672486130992,-2.744542072912201
15.85601957917266,8.916232404649234
6.2752865833969915,6.650353547090588
15.259163722912168,-10.123642860816753
2.8064627697335403,11.89749138677432
-21.638345032754085,-13.016100704738363
-2.5839256869737484,19.546814283836966
