-4.973245646625431,5.792557397257243
-6.28533574543459,-3.6644424698218923
1.6809683901605146,4.292615578494216
1.0251722651505195,3.561619186111383
8.673108110290855,-6.622941916051903
12.965771391184957,-0.33377843771132665
9.225722396051825,-6.262093474029359
-13.233329352105862,-4.250360474309433
-1.2275512084996771,-3.0728930568243986
-2.558126604517386,0.1056777066392163
5.772556503160192,-0.9150656555875618
5.746529615264084,-1.4763944388303472
0.9469406058273215,6.230246954758223
1.4058348211782166,-5.618027030221935
-5.66858916722085,3.9415259837744294
4.577646572359828,7.2019278978584635
-8.477476580932843,-3.024186007435099
4.2893136938480145,8.38655337922735
1.693841508231618,-11.50598643701502
-8.686327143215117,6.333391480806554
8.874356012169704,-3.9246349102508504
3.2981536023889215,6.228031124513493
-0.8527257478099466,-10.186772294107827
3.7482130231415693,6.530596970586716
-0.02001490984925156,-0.15915741340371758
-0.072579452532416,3.0403041671770628
-2.8454644327514935,4.82989002842356
-2.8218665438731048,-3.1550204508841433
0.7790431284261504,-7.294539797813949
2.446591479535197,-0.821999138651823
3.897302712284649,-1.8840494257195688
2.6490071892784095,0.15416973729734432
1.6511154727500292,2.143897634709463
-2.686619791166956,-4.601202935338349
3.417020500166825,-6.8104871174077894
-3.7450604211110714,0.3712836595202774
8.013872975811116,3.964675092790909
-0.8702464677807792,-4.184540057848097
5.7297960211198795,-6.7383969481529284
-0.7128729504708837,0.8087291691641576
1.4845479229273792,-2.6982224103257226
-1.8420402471717907,-12.47897239540939
-4.131342747346927,-1.4573755652878981
5.3159142143114355,-5.91637485746958
-6.585469312835293,-4.660473612989344
-1.6993438405067887,5.399407299033487
-1.8058402408636267,-2.1714075323156763
9.986125738704795,2.412027623427677
-4.069494867102811,6.728624167534568
0.3902236720632961,7.4123771231650695
-9.932892024129929,3.1732070895352162
-9.950507803665825,-4.147536553572815
5.686400771447535,-0.27368592047870977
1.8285269535267408,0.726057396158961
-2.5277531095676493,5.506934497974328
3.6433731757585184,3.0606831681335294
3.8917963615902615,-0.012210555078836428
8.7812834962338,-0.6149376380273942
-0.021744462706896915,8.531894028036241
-5.914797466201046,-9.027734708050568
1.3938260893311551,7.1853419429632
-6.054510058443567,-4.403483963642505
-2.659653375162298,4.536728164399382
6.26107072249732,-6.774807821528254
1.579666240158471,-4.765073892027852
-5.285203012056832,1.80928487903182
1.9894859902824944,6.945261494556861
-7.090352290152476,-1.5531203482569857
6.802075214267064,-1.9066646324453556
-0.40488630463920544,0.8344693822319661
4.117249113484086,7.053855366677148
-0.4647261151927273,-2.1859259757080083
1.8274576636240891,-7.2991860040103544
8.746350633076098,0.9458856584524589
-2.1589347457728154,-6.191806806882738
-6.001185598640017,7.319714195019917
4.668060200129656,1.3008090017230325
1.407255654121098,-10.590357282550514
-1.191920564595252,-1.969168498642267
-0.42785812423132286,-0.6042053504324403
3.084905476201428,1.9641148208623336
0.7345753403127152,-3.2967695283273923
0.6950946594567191,9.885101534881242
4.558392199561916,10.190007216382645
-8.452280534034262,-2.237552907991055
11.276656942672265,3.2788504372650036
-11.097192122924378,-1.4058669673385642
-7.002071639392162,-2.889940761704089
6.498348743924894,-8.081371037491929
0.9127959127203824,-2.6663486649206782
-4.849414678697934,-3.9280397910004172
1.9547646147479192,-1.4978542680548328
0.8777111382308204,-5.426502954078383
-2.5690992484376696,-2.878459646385089
-1.065212795040695,-1.9729354240507473
2.5932485302443062,4.967477391036465
5.2107503306514955,0.5930011442641633
-4.972677058622387,2.8921889041988362
-2.2102281950028573,-6.213657140157799
-2.6832909093031274,-1.443750846681212
2.652564015185479,-5.967344247613506
-0.2669687462042911,-7.694927050096447
4.632893153410322,7.684120506643393
4.378059659101586,2.772467683482264
2.1806241283324534,2.561290319607187
2.9842813915499335,-5.0818893850716655
-5.228019692348841,2.1885702721807325
-7.26528642957847,1.1891516496261372
-1.6822730762677955,0.28200718002071756
1.0564233242280228,4.548198228201056
6.134070278444455,-1.6303628623407116
9.95549281322316,-8.560858640468958
6.4714546032743,-4.489112188015728
7.352527310011507,11.576322717227708
-1.2785368176988419,8.950734082142402
-6.3456367768609265,2.9077981530538324
1.3413678017983652,0.6128012637870117
-6.606753149019569,2.475462258497281
1.4279017874342759,-10.867210122479984
5.005334586717112,-9.767061472449859
6.275418357855419,-6.272102512599554
2.536339150042351,-8.695033787850594
1.1883623695283534,-1.3886219078279767
-2.5749695266285113,-7.469500748736723
0.27158309876999664,-0.12346706662060698
-3.9090098479241813,5.010819508712215
-5.262122889531045,-1.7566542769364164
1.4926422242170652,8.156645101834163
-5.679962674320446,0.4729191487060759
-11.67101548964636,0.06622082403275659
-4.8657318141170585,-6.023922762036238
-9.856442137098803,8.174645459707564
4.945438158661677,3.078209958031505
0.8680462703392637,0.4830075472340603
-6.553151969307774,-8.308090707003437
-0.15604018956382296,-0.8953657776424789
6.870244712142133,4.470786252999242
2.383864795558729,5.011869238207182
6.413204304485038,6.357928554473275
-0.7556982880310309,2.084706852303994
2.8123236214458127,3.1829453609605696
-0.48594772426167887,2.4159475351330038
1.3222080926991404,3.5623265867347658
-3.2576166731047698,-0.809663195493209
-5.683002512634955,-1.3143854639722685
-2.097022726393181,-1.5234936642905874
-2.1311501617383093,5.682932492521896
-0.8279574797199182,-6.848179968623694
-7.753490937555316,-7.506267828686122
-2.014199405538094,2.756662993738036
6.557432314786877,-4.542629149905052
-0.5647183872229207,-1.2033649915725833
2.5838294242052395,6.240711989076384
0.20357151341190424,-0.5512137077803706
-2.7319802508926334,0.3199728306627899
-8.442901014019926,2.5236164116480126
-1.6765619048349671,0.8459570922229002
-0.18358372339653245,8.515259335574788
7.59557577049125,-8.275046261123299
-3.5077019694055505,8.2373093410781
-0.5568362880988819,-0.09693456137341126
-0.9294306206724229,-0.24926229987978227
-0.02689945570734062,-0.03649764616240956
0.4840895750242897,-1.222420603052609
2.253009584821963,-4.0689228509301705
5.81225490318539,4.226828353998561
2.7047420686212744,2.4088783738797344
-1.4963264792490305,-0.7601463903027046
0.23588581955347135,1.3527427357193658
-6.921487034587409,-0.8356096724145047
-3.260773706145331,-2.4270382555678345
1.86291198578976,5.138774449971648
3.1910672077779827,5.819576147999593
-12.01587590782533,3.6333044029443347
3.275007872682517,4.893324660499449
6.41966932279358,-2.8137210804639197
1.2379187927703146,-2.9462283168117165
-2.3277942775191356,0.8903821051930142
-3.955123043481573,-5.479106401573368
0.5542125001497803,0.8546459273949644
0.0463958914927284,-0.0713492801759019
2.7975620639477548,3.3398382702940066
-4.755788165144762,-4.920161715907933
0.08375781320616586,-0.012763587884777022
-3.47409979007151,-9.467945357709647
-4.960177612349539,1.795634478563764
3.365877831973188,-1.3522285525803417
3.0138338006025758,-4.12080200540762
0.10742360781713854,0.1615816667988646
-0.4588312222436422,-5.756687512601748
-2.1054837978953524,4.436128802158628
-3.8371510258154364,0.8162730323912211
0.557968242612342,0.4781846185044936
0.927083681851677,0.8170252488482025
2.6830495527192055,1.1805202166826807
1.6782951841842002,2.70686220757159
-1.1867119799054182,-0.7567880983060169
1.5833376122945477,-6.028944485813278
1.0936282555450607,8.251543687834536
-6.424579299811676,-3.4200839569909562
8.13396562148981,3.024370343175693
-4.262563487809387,7.2875592667998585
7.650330052675583,-3.48158584258435
-5.246514687640896,-0.8653520167438973
-4.392192302449315,3.162611881463911
-4.591856242763489,-6.226630335110118
1.84930987844576,1.4977862692037085
-6.8283928602456605,-0.0993112870199314
5.502845514313822,4.513176633184255
2.2429861110070877,-4.403521845410766
8.011035600487006,-6.838396723142489
-5.322075094472572,4.612587553222927
-3.1953318058573617,-5.894169157887776
4.049282008504994,-8.176431782724709
-9.603013747359958,0.27881310863448505
3.902152758128028,-4.956162745167745
-2.356245532681078,-5.663642536738967
1.964209276543199,-0.9037446851676445
2.1945684047503544,8.629534812667744
-2.7003356641272243,1.871324428023225
0.8390118708537129,-1.030992015321111
8.729595545371797,-0.3240057761871497
5.087884390767688,-1.3222681829892375
-0.9326772434571662,2.864537789134386
-5.886861427494534,1.8335236710686085
6.352638307354961,4.709141547646244
-0.6933387768312537,6.532930352946175
-0.20991561720579446,-3.274922113322558
1.134755765248537,-6.853852243019785
7.1358730148643685,0.1876472875851285
0.14344753098978483,-2.1528061352063474
-5.042610811245244,-7.1853843721437345
-9.754411514644007,1.3892913949876091
10.555976570012733,-1.5152458053841011
6.927891462823707,-7.282172655769281
3.031709836010055,0.5738632366772801
6.474435410985384,0.727823968639754
-5.557740075008122,7.866603833541776
3.2481954999436606,-8.411548970440313
-2.0643682007016637,-1.900150368940727
-6.485597378114302,-7.308457158909821
6.089043956836744,-5.326587449452579
-1.646428950097951,1.6841416782089855
1.177746380462039,1.0350710064174926
7.601230738046256,4.255010488251404
4.340275550002157,-10.150150385509319
-6.325264596825647,5.663561420459932
-0.5466453359713148,-5.703485406539026
-0.3974322962455128,-2.022389378065136
-7.711494340181557,-1.6767236232552514
2.3148147464071527,5.393065415609489
1.8412654434849147,-3.0602303171790157
2.8367292132761768,2.9331606426231964
-3.3454799525843506,5.683031541392054
2.4766222493489547,-2.114297984268667
3.898952052082847,2.4758083793020673
2.0409182491957867,8.791945083741904
4.107781062190344,-3.843600270715819
2.003510349887158,-7.1437739104007045
3.954268794822168,2.897355387514882
4.080525920376838,-5.3563529639825616
-6.530929545824014,-2.2744635138887483
-3.751132305600447,4.422765983151066
-0.6631450182936243,-0.3679802392179495
0.3628630323027376,-0.24828326557377026
-5.3247251539664715,-2.6245778516822362
-2.6833075070937236,0.05486758011774165
2.3367329999305206,-2.5560117389226287
1.33117032288361,1.6077272031518444
-2.5580383693942412,0.9529269092886136
4.996035994153327,0.30603398832215817
-2.892440038644295,-5.696333519750157
7.593265986982837,-4.131092998408809
0.23455797079398796,-0.6540586409280688
0.17874996563664894,10.447648220291077
0.2873121217958033,-5.051559460348046
-8.453873474514253,5.281755814425486
-0.6937688560892007,-9.86361289384243
10.82764618895018,3.9580206452897646
-3.8885467891614978,-10.986850986960354
9.244612600420718,1.0649801659235012
3.611363051397503,-12.92737207124205
1.516313246015899,-12.915642294820563
7.1973797922840195,-6.742320369197659
-2.5785372227239978,-4.723263116616169
4.278126719415587,2.2730659153329165
8.598011135406574,-8.156741795306264
-11.33172909272457,-4.301981274529464
-7.793293803134828,-5.147206164479835
-0.2392826930253924,-4.973515815262644
2.772472511609879,-3.0963452236336395
-2.677203926192809,-2.6098336502877335
-3.6478090268796546,-0.9183114961285804
-2.3807782650843428,-2.2573157261735894
1.6287595330664664,-1.3614035327198115
-4.23904323710367,-0.7102871538425539
5.130854641848638,5.900989324532191
5.85956656953661,-2.6406486067362014
1.2023272898751531,0.3436249640218886
6.582589277749152,-0.36517759761730784
3.327618199380727,-0.033389051224805545
5.371854090382422,1.8402343915038648
-0.7347641840299632,3.039001589938756
-4.293676161211959,-7.23893468082396
-4.914190336951354,-0.18019090036990662
-7.078062537826949,-6.354807272396322
4.27880524900011,1.6254023314253372
-0.06720068111557796,4.626223121324163
-4.889267175706147,-0.7197339270314477
1.0259266427812437,6.082132205092718
8.00581267533966,1.057842408593217
-4.881873046442734,3.5801331528573743
-1.3318580285574084,-6.925230744183653
-8.134732563548855,1.757384138547318
7.3789757769246584,-1.4594490645358047
3.363933930441032,-2.4845022798947483
-0.7746226413099178,0.1452262537137375
-6.474279777076555,2.249263769634654
-7.134597952952126,5.669013662075578
-4.215243053291126,5.51242490345785
-2.2670279905030113,-4.654302631770945
-8.377883680222913,-7.7847546885749885
-4.035695808419094,9.612907377282971
-4.9418025475688205,-3.673446796908248
0.2560674492573916,-7.068957247748717
-4.390677295083222,2.0211113645141863
-4.966831228383458,-10.860856343915696
-5.77094685975346,-0.4144994611742513
-3.36001283771843,1.4832592945350822
0.3737535149475808,6.585701672625892
-1.3674909118943213,4.9542398459320305
-5.208016684905509,-7.5198117981970745
-1.877969113900686,-0.8098100788278787
2.4596907242389268,6.746826341069117
6.065875616679199,1.4161289162094344
3.9830139813884347,-0.5665323033530877
1.1192760608774162,-7.443034502612644
-0.06617891000079353,-10.632050860991951
-6.43418011548227,-1.1847454952020637
0.46713950413664596,0.12944693898024134
4.3677154037049,-4.146124283703514
-4.0171215812411445,1.2517420211876866
4.692574756261083,-0.248769180601687
6.884152913911639,-0.41083639644898684
4.799184676526424,4.122762141743002
2.1844605488242617,-5.803461099741652
-0.7022970878389067,7.5519155170640255
0.4577656804418779,-6.073547641631894
-6.04008330535146,-4.492859127465804
4.805787391996079,2.1147712393715
-8.605216602245171,4.082149666665268
-7.199234914899621,-1.949289462413352
1.2876981127517337,-0.402672755538463
4.809511897242545,-5.917074064417287
0.17159804662597913,-0.2617919813677617
-1.7882263188601915,3.342708122441035
0.11113431865386042,2.7039007317842523
-4.137444446037717,0.9736689239887373
5.2480155059675075,8.768970972883395
1.7030128004061866,-9.312638004981329
0.01321594274375274,-0.5715273009911738
-1.3659641429502756,-1.7352906854389964
4.980568476603471,3.523225055600993
-14.25254819973843,0.21317231918249424
3.2595425170401935,-0.9061715198553337
-0.9567306541037284,-1.3905178628192778
1.6325292652286396,0.2782179487175707
-7.842085756313171,0.19630811358851352
-7.88019969376359,-4.789179774478797
-0.7273292565577599,-0.3452124580529975
-5.462045991227668,5.068276718569425
6.714922871450963,-2.0622914078473
-0.33347599244797804,-0.08276684839871716
6.656964831942315,-0.8589059402497898
7.5862335133186996,5.3269004394948025
8.186292172420789,2.3517661858566865
-7.842741780198797,8.448701488110204
-0.4216636114995941,0.1576120066586471
-3.5939416121803553,-3.2055506947077395
6.1899225329396295,0.23257679770947964
-1.4766076492842806,5.557948507468538
-3.518197922610642,-2.1203291492711602
-9.833920025776159,-0.37733189467331607
-10.151988618692805,0.8328310712232179
6.396036009456786,8.650702532968703
-2.0531413667265235,11.73485015630088
-0.5969675742495157,3.7533594848068184
0.42348437351118956,-3.2061522654823427
-3.3484628976418924,0.6615608519585617
3.8092226735052077,-6.819800808808741
6.763087319210805,-10.641510514113268
7.48623459323228,1.6386839472737096
11.030249885668582,6.030757413578636
-5.919318062568948,-2.0548624616794524
-5.922287834385811,-0.13160009547206095
0.2406250743794153,0.0994803473815613
0.845176677159373,5.223686049726896
5.341713771776945,-1.5089320906453543
-0.09838565015600126,0.4614710955694825
4.895965770562468,2.4793021200908
-2.0726684204295838,5.851404062201154
-1.102209296850532,-0.1784957256261516
1.009200879360221,-0.17966131819535636
-4.813293173516736,0.5489404644300203
-0.23093058693975974,-0.3751589356990342
-8.303597901221078,3.442874408961261
5.59016526368413,5.7723765990501885
0.35515136533173747,2.936518331310978
-3.544511884045922,-0.01407697968398153
-3.1881671630491666,2.5393614240139555
0.6995285361550424,0.9009609997404044
-1.8659592807707177,-3.5737052627308024
-2.1618459081400028,1.4291905919541528
-0.9986064283953672,-0.5045217422657348
-0.033777926685829206,0.5046998597485857
-1.062388858683802,1.0916028248896381
7.729941021249809,-0.38087224061527925
-7.219637383623314,-0.1818593132965163
1.2587367469070339,-3.8704519430548365
11.849047028844174,3.4633579399467282
4.503071267521005,-2.691608477470201
2.3574446654054992,-3.0988499479200953
-3.7932647201316665,1.1657688918194267
3.439140802905624,1.0814111710186467
4.096733343569298,-2.9413098756332063
-2.1275275890498375,-7.637447395020698
9.284648758026385,0.2226098918867206
-2.044162915190195,-7.801355783477563
7.881075677774305,8.046254219566162
-9.058673220877521,9.853573934394985
-7.546586714908966,3.1830337274508818
-3.5146805882883387,4.684919205882207
-0.8235724788771007,-3.1126424265967096
2.332713425751674,-5.1282406762146415
0.09485193059327462,2.2286607212096214
9.78174109507294,1.4164606557124075
-3.4702061163061737,-1.3381857920253508
-5.706968658383094,-6.241831162739457
-7.635095861925553,4.726991437541042
1.3352378852629145,0.31273753482668515
3.3416449873303593,-5.08274313514489
6.139018373813046,0.3331309406113085
1.4478039925978112,-4.166719290099006
-2.912366419123424,-3.2720853461801855
-1.9728735158703523,1.489515842542266
0.22491828348403614,8.358921643364074
6.097460416860717,-4.477887214956612
-3.5559034099314006,7.186415078911058
-2.5424711249572334,4.53816355319721
0.578435947970926,-0.4285511860547863
-2.5968986415138113,-3.8195702357044543
-3.9275710363395224,2.948911410696128
-7.607334845310471,6.857590931052145
5.421232845214203,4.008968684318625
-10.5732086152125,3.3445433435326906
-1.8199827768051107,-10.772168980490173
5.716895971661043,-8.807223090803305
8.944137549080343,4.000320328842457
5.87997622229318,5.295478118928799
7.796074903602032,1.5447943936194688
-9.192274416846502,1.0913068895671667
1.8534618988662066,0.31518651027600264
-2.143672910018419,6.943749136122723
5.816548467434354,3.7190347374898676
-0.31010355563238895,9.066039065145969
6.327764365717816,-3.8405574698247777
-5.105500519628143,-0.04612089825303047
-0.12735774696834265,-0.09553405115877231
-4.201127313711576,2.0233877789820127
0.022477330117049023,-0.009120204118143366
2.2044838124159583,-3.547254920990242
-5.716994899799527,-4.301433015621465
-5.277959418853911,11.901190711926786
-8.370325277804584,-3.4729444675363386
-6.590973037558406,4.07666123755202
3.6030066130546436,6.796245565266716
7.521604349078038,-7.827756757178944
-4.324914692863343,-10.328685127979767
-0.8755244557074305,-7.543744037492994
0.47535043350354,-3.938342696895754
-3.6083929901392855,-2.0422632649423416
-2.3938582621138984,8.04657380069298
7.582179850975328,2.7689622776801697
-0.725282061425542,2.874574813597286
1.5004748642810375,8.939059345267482
-7.777836388538293,5.552516272921883
-6.323972253028989,4.495449659839879
0.16825225936833108,-6.29057440731199
0.4943136706809166,1.0789098930141927
-4.017429123263937,-0.43995200236547005
-2.242354840125528,9.400211631977417
-2.1055277122264298,7.526497736732086
4.863252652960768,4.878436258031795
5.643309411496258,2.5839330053247798
-1.0647656925327251,1.9940905258028894
1.2062537824781412,2.11768254656727
-3.8248894570620147,-3.2847060311006215
5.741932679476155,1.0451790157066456
2.1817978342425306,6.9917692679999845
-4.3924793800526825,6.948073012108607
-2.5737531574887207,0.9339363472223592
-5.4137310561268475,-4.769590533638152
-5.054555620936854,-4.994237948831999
-1.757868248280857,-2.5357254009300645
-0.22044538306516986,3.290802636288726
2.3640755039857675,-2.9801039965989333
-2.19222360309057,6.405100310540846
0.21816799761590003,0.5039540028956433
0.23164279955112752,4.783316304438663
3.8430268334181066,-2.4930466512409906
-2.9244095569160398,-0.512559076653439
-0.20761271736839143,7.126824042558774
2.7584845928439563,3.4776450567905637
-0.13847752186960477,0.3207860221829897
3.1737833786068137,-0.6650138408661189
-0.07241854420056967,-0.34283134844276614
-0.25044879411762283,-0.40453720593952847
-6.5575099929700364,-1.9437142900370894
4.062896719690424,-4.6677469075980795
-1.1070433692722244,0.38020938438990975
-4.498426706766329,-0.912377453249137
-5.784168111254558,-5.177584603867855
12.572262693625204,3.988884134993123
-8.494624358554026,-0.9289628782755568
-1.7118731384292083,-5.669076957108975
2.6683983057206544,-6.447905319225442
-3.0099453333071433,-0.2992851432204593
0.6104132929572811,2.1371483778697975
2.919953322343599,2.5593280731474777
3.5084201550725047,4.092950689438192
8.189873009710032,-3.543237303480178
-1.2513815896496652,-0.11412168951051037
3.8182595481520303,4.546977440779443
5.942117227539951,-9.668064379057187
-0.5477201510234153,-12.400829444123742
4.879621458740409,-4.7993266249784
-0.06428250211793117,6.731422854954074
-3.2126176343473847,-5.7875751026636815
-6.501767075119247,0.2913626815682822
1.4364762446654662,7.577178716524101
-0.3860000391943277,-1.5148241698899398
-5.212569747062993,6.509365324773368
-2.192619539303668,-1.2800005861089692
1.2253002223433902,3.1212025815471183
0.06451927225815936,1.2019568351048862
-8.209824060754025,2.5044949731830233
0.21745319208425706,-7.743493759199244
-1.3048609822600947,-0.9976251348996992
-6.810476826559794,3.2992474133945486
4.2593686010860585,5.294539252830446
0.3778863826664951,1.5686209940197113
7.765476409125073,2.4518236860836757
5.609353566872164,2.967710802513888
-2.9347482888204555,3.6125011482169183
3.258596786975594,6.491260357931307
4.9841621236875335,-2.509275406104173
0.26002282433270996,0.5814905682139381
0.4363769926975327,0.43523153235781525
2.0285587162672365,6.040584306080677
-7.498238128582703,0.8510205685852177
0.3305503073263774,1.4557239424548505
0.24044663418358225,0.7923913531179287
-3.540366239488069,-2.3073959529236245
-3.6411934572060254,-3.7475047065641967
-0.359696799436176,1.2377063802468065
-1.4778553561353742,1.606553865107993
-4.086536759310383,3.585089082491648
-1.1201758310848398,5.717935663346908
2.7708585531343064,-0.16760142112251522
1.2742427839441737,-0.7780295664512844
-2.279942753814408,-9.432800870189187
10.301371037247225,-1.411669993483037
5.76057977566833,1.4585333858415586
7.546959704200553,-1.2256133778777591
5.062355594780037,0.671650125782405
-1.5248247182163015,0.1394896634113306
1.6746963948399247,5.203610043973892
0.8988768010165045,2.782490590688994
-0.9790684250393347,-0.2671187681766011
0.816217830714245,1.4314594209266358
1.7493427264315264,1.0771761104416833
1.4329095492267374,0.011298828103446045
-1.8407847851619443,-8.056679092788146
-6.077940097605154,2.4600734710057646
4.4531614691323025,0.5724893191029587
0.2868960514584906,-1.7337422024329796
0.3265429162135625,-0.9055613931668304
-1.4335589993830287,-2.878060241026318
7.6852867152578925,-1.2850737055926866
8.860931515616313,-5.177936595277531
4.374912631784421,-8.622539771193109
2.496533157537626,2.2625393024345177
1.0132814671855521,-0.6588501631358704
5.499740157794202,2.042578032785
5.973951143951987,-2.449761324405883
-0.40852281491748665,-1.258370481569366
-3.3453618673927883,-1.1342638809786072
-0.8183335036702585,4.10018926468246
-3.8768474833082265,2.314503517951658
-4.893330900577352,-2.098588579751001
0.6225634181185091,-0.6678045489673393
0.5296759829711606,3.2834468233336023
-2.07940408873594,0.14617025675985
-4.470099655177132,4.621593023403615
-1.0454115960155186,-0.7293910193815467
-8.264626854279713,1.1780497197227273
-3.0191256669857705,9.60924874909762
-5.47671593457517,11.3283829830234
-0.6586753923591168,-7.9253714933426425
-2.4065962036485993,-0.5813568197955569
-6.412780557411717,6.22383043415863
-3.417599832538025,2.0706835210322434
-3.1693432728083657,-2.705174332924782
3.6722443121893273,1.3800218308032444
4.106185910506181,0.8333990480446595
-5.5768128219845945,0.5832831926822025
0.5381636663653107,-0.12583550901095578
-4.56168800999433,2.4914247185068525
4.340605045831985,-3.5812300530979524
-1.7458612848932393,-5.300518652785373
2.3409395422442545,3.128540898256336
3.0375611865509438,-1.4152929039780902
3.1407472364889673,-8.10862222217959
-5.691208495690274,2.0691845708255188
2.636897717157087,1.038771324076582
-2.6430837624058423,3.4131735620510306
-0.43331845334955393,-0.34910843841636074
0.7344765163583489,-0.9527124443180495
2.0908920070937036,0.26396538209039705
0.7619882455565778,0.994286748517506
-2.5104339107472518,1.8703232956941007
0.40178394843418613,-1.1365171452051914
1.3400904604916946,0.06120694362169503
-0.8909848026982142,10.02516835274631
0.06156328433741288,-4.595690293232023
4.200572895277005,-3.572299738948493
3.1677755885889667,-1.8621385102132038
-0.2551858258158157,3.4763448208766667
-1.0877770673985074,2.711582789114826
3.91822018124717,0.6107869002390861
-8.113754647389445,-7.920553397123253
-2.969327342141162,-1.876818043588813
1.4488445274583497,2.8692830208456814
-1.754955949703658,-4.229026104846218
-0.6502881828522321,-4.202918386451337
-1.0201145752471943,4.639412099114689
-10.569682894409812,1.8692489234657759
-3.844176474567792,-5.639866107555139
-8.574762111945242,-1.5064884179912972
7.985962885311084,-2.973253634760213
-7.537255760006573,6.156183741154535
2.0980142460646567,1.725567065724434
2.5418501160662035,1.6062621957463121
14.841867463187493,-3.0249107998209954
6.559680958095274,-3.312043623372256
3.2668101602411403,-1.863392314198543
-2.511546323888688,-6.654847004886159
3.0656376384381336,-4.725747916076077
-2.3958087034239908,3.0313953157562215
-2.2411165254667496,-0.4191172111386173
-3.7803327217702782,-4.09622908682601
6.508937811687551,2.46320514268757
1.3994802259832313,-4.657762925393987
0.4392370087444953,3.6240651718936125
4.302924187997886,2.034390315612961
-1.0986916790090946,-2.129374153351111
1.6943492542542569,-6.004300332193794
-3.3067757492779033,7.188318644646333
-0.43392152165645453,6.034054293430739
-0.43993199979852976,0.060154440483083035
1.145106037384058,-2.332981684979782
-1.6793246515959257,-2.138125700060649
-3.551938681893631,0.45220986163598975
-5.296592528358474,-8.53939453524402
-9.383040607709644,2.0655317623993867
-1.161544088273982,1.361305411495758
-0.3773043756031247,4.919734306724097
7.290233065755987,3.4780335986807125
5.6914836093769345,-3.5765126941628433
-0.6716785019182929,0.9646022820001801
-1.8366266907191993,0.6184061876708453
-1.3023926739827099,-2.476760109842939
-1.9970856297770496,1.8188191120626607
4.164955120957618,-0.4428312200340183
-2.2290130718503334,2.75058745472051
4.575104525578035,-6.330938789112787
-1.8415668488564834,4.58272991367202
-2.4192735891536366,0.8703291033362702
-3.5967151622431355,-1.378230862247493
1.2018518011450816,0.7582290836593095
-0.8957704089211185,0.5468434404602334
-9.899771390763407,-5.907485242896209
1.4401204137504398,2.5648704181313224
0.5001611535586719,2.368629545067677
-1.6745933400380182,-1.4793967642859158
-0.4835223850442051,1.8517916544338202
0.0844933869416914,-1.0767019763336376
-0.3842238344188664,4.756715820239471
1.4414655310499018,6.025598543890813
3.9845822121102494,2.657532165134879
4.101592566503368,3.3711648505392233
0.6261253829467421,0.03355603629806235
-2.831728055868498,5.760413566867553
1.8723810019683464,3.7148149163564566
1.5250768358251572,1.2404806121037422
5.2117237862381245,-3.856476790954379
5.99693335675258,0.6363196205221304
6.388550914606016,2.4511584680917986
2.3643499488916,3.722438093989988
-1.406336438926442,-3.6548869146030865
1.0516044987024638,-2.575281411192107
-1.0855061937863724,-1.05909111259436
-1.9303451064994583,1.131066880775412
-1.9840020804274616,-0.9974558555186074
0.9227727821800462,-1.943807381486272
-8.338516174593808,0.4471740291858842
-2.8460609681499616,7.398637522079474
-5.038329338778602,7.90577905765179
4.2169896979091765,-7.395693030498733
-3.428330951966552,0.10161474687270017
-5.331108212479632,1.343906258724851
-5.037584920793447,-0.024027083298274382
-2.4483027486840947,3.4583905338137404
-5.263035317759285,-2.5370068387077533
-0.7787500981021993,7.539726318466873
-1.9005001930151375,-0.014212581410120231
-0.34488248466079113,4.39812392084812
1.3686185250709972,3.8948988381523453
7.620570494239966,5.224013833749032
3.4649346266667296,8.398619397831576
5.135064370834979,6.980458107872617
-1.2944705234564027,0.605870431277941
-1.2899322973118743,1.2460140197848342
-0.6149077865987967,0.3339891374047976
-0.4663731816633201,0.7428954152642195
0.6855761715982005,0.062450104501094235
0.6846120915886831,1.6408645151349446
-4.151313209410457,-1.6655913915075156
-1.88155048476317,2.3565311261813933
1.4300161782008627,2.222768594537055
-5.107822279212985,-4.726477392974918
-0.6417189656225443,-6.489632826534836
-1.2242509931209176,3.2222400093062187
3.395285907317757,0.12293162770842643
-5.499479898090271,3.240901491000687
-6.0491637644874245,-5.352300610779444
2.7682213114997576,1.2075461963438991
-7.9536916492681495,-0.32629369715226847
12.072699943555842,-0.8543982018722565
-11.043893815872428,2.0805379463742293
-1.3518734509488202,-9.319763413744912
-0.005982726924969226,0.8546942615225077
-2.951127844471757,1.5258090184331103
3.5283652797147136,-3.390149459794405
1.6764931648898749,-0.9635039183187416
-1.0037636202214597,5.764103625668615
2.9103701981225365,4.735681894512442
1.9406441866090987,-0.2523041318856308
3.0987795415295225,-3.696371730471789
-9.737636998876939,-0.029641643608118808
-0.6665704528601011,10.366099900716362
2.464478194348723,-1.7752374755378675
-6.698926367399288,0.6458516885170177
-6.151757521509628,-2.7464384917486555
0.9626877926084074,-3.885958283094791
4.001419488049222,1.2533491244941648
-3.062761992148553,5.868911775712953
3.6454008393482753,-5.364735881065753
-0.24854676645349705,-5.7985808259730165
1.781469906864454,-2.028157637109347
2.2442282785423995,-1.4121727084761428
-0.3115836323703166,0.5604085681401612
-0.3755533128975904,-0.6344705510213754
-2.993119637859952,0.7823388712283864
3.0527490169415676,-7.091961142156992
-3.461396939703483,2.9869329525170207
-3.154143088140343,-2.1102958162710164
-0.35888569286354816,1.797187870728566
9.983933687300082,7.00998850089969
8.405655817506958,7.6294632230984
-1.3755546938168322,-6.10500800365496
0.40045828847956133,5.461710432009423
3.1976029167392324,-2.792273929584427
8.910798206446335,-5.31634169964899
-6.885705151141641,4.68518443117673
-9.373991879195405,-1.5325837086843994
5.407756615235322,-4.733680525575032
3.3215131981432497,-0.671083892100298
-0.40691932591869157,-4.094130034897574
-6.055981809290652,-3.828254033235686
-2.8605375738723926,-7.078938575502199
4.26378421064128,-1.9051639642646194
5.447109332816827,-2.3459539798933444
5.213353045831955,-2.871486276497196
5.280816132354208,-0.295121328969155
5.067199373650558,-5.677826672896795
3.96204024662111,-5.482947043612383
0.4505776224955047,-2.3197450275725937
-1.0155112687170935,-1.6863013998508654
1.1964798051058654,-1.5445152209219926
-4.551569614901955,-1.0633878585486836
1.9172820052052029,-2.6475703140392968
5.742992300006535,-3.507055344988053
-5.733985814499482,4.186129422184246
5.636136385778451,7.597640429196311
-4.400025314508378,-5.382621083609856
0.30304184008949187,5.726535236990096
-6.616448241753912,-3.2102059632820525
-5.602105480113677,1.0568012870289822
-7.669838618857897,-3.8687360291661435
-1.036425703868825,-6.214078357468238
5.863470291855995,-7.148993648433613
6.719164556106129,7.163554397598958
6.85403203037509,1.2745979832635126
1.2169927024527734,-5.855706950067199
8.695631146297453,0.2374548055968373
7.011590630692551,-4.126755318687531
-9.26877547114635,2.551898782744082
-9.874074533224642,4.423813330404503
-4.0657424752098335,4.601792254155234
1.981106542230562,1.9252047646740182
0.3053860614561051,-2.3364765145304665
-0.1634122122213958,0.030968684628289177
-7.978197530862262,-2.610793864336285
8.205011264411866,7.979347419190459
-7.477537683874116,-5.724397102885709
-5.359462475337572,9.337912563953424
0.988968726684494,4.4676772614065285
0.8041537101942476,4.729607128867934
-0.11665987561393967,0.39692728868213906
0.9758000156026688,1.6937680435210072
-6.264868648230515,1.8410985537477675
1.1417881759059774,-1.7498194104555704
6.074873851909743,3.304904323775118
1.7369908845177406,0.47437353486329675
2.1232646577745435,5.153493312412321
2.5605194778494607,8.31617621027074
0.5755769638907634,-4.434267797912756
1.6952975541009014,-0.2925445116514058
6.875908354922526,-1.8675750188616982
-5.573696565053107,5.709822553185058
6.757961901713986,3.8504724149584444
-1.5286687139686437,2.043174993261735
3.0531556326588785,0.27646118530329217
-1.9034081982008701,-0.9948036920999939
-1.0181000056558298,8.33839238806537
-2.8422070536767974,4.264389025097726
-5.971728792358311,4.375970542335526
3.2478611908426767,5.220423620484142
-1.1148395579371195,0.05095697658759787
0.4096699448114737,-2.838939433065373
5.928974374497757,-1.0984977408287069
-0.9562163171771896,-3.6809147422400543
-4.015867178787823,-3.9205426213965917
5.103083593303786,5.881883643696145
2.450285667481757,-0.7145854823607686
-1.0524752933865866,-1.352167251055745
2.071794431346419,0.008995513450918263
-1.4955157533430166,0.5268992750653662
0.7710136128928051,-1.302377849364182
2.936474642121476,-3.2249898792350113
-0.5152142532502523,1.1683390926338524
-0.10443821876010176,-2.2216390908973227
-4.468604389707806,-5.571737553063451
-3.841757667210746,6.351389899191016
2.365197871266778,-7.402176613941657
2.6959680381228566,-7.918574690259456
-7.865456487119586,2.669599565545138
-0.003929129975240004,-8.649687785997294
1.0105747431753231,-8.282932783701238
7.804500745426487,-2.5238912432766973
-1.741019474735944,3.9860180226346844
0.3373733344494074,2.793782177165966
-5.637365268803089,-0.9683006605809575
-1.2225566996458044,7.226625810125349
6.65083093772803,-2.2952684104223944
2.7716543406334138,-8.982612548283146
10.738829080042846,-0.38383002523278104
0.55400950308278,-8.815065690448558
-0.20173822336746186,-1.5778536522897002
1.647875761772518,-2.0518253237477406
-1.2786666511276936,-4.826498044831971
-0.8711758924918772,-3.255678788136216
7.174446232012097,0.8179557646454244
-3.3059209615570837,-6.760043082433842
1.791654913762526,0.5897822902117424
-2.9850635032358346,2.2449266956395726
3.083644232788535,1.0562583965773342
-1.8927587291787389,-5.019429897263541
-3.0621870207443846,2.760171062540686
-4.568300850578921,5.324643815669533
5.38246688702309,6.611303389859321
-3.7521723842329444,-7.6328436600717255
4.567175038512387,-1.662341741760028
2.6251903946029267,1.9824093327462524
-4.020944564539422,3.8133233698231765
-0.2748538645242979,-4.671966749606437
-0.27086820243299686,2.753312219742952
-7.924566246336382,7.17267891735441
-1.0926268510909716,-3.9342527801237086
-3.2280039746798517,-3.4429413742453208
-0.13606900207950964,-4.373279126140692
0.678677509027754,-3.6907801625810523
-3.0025757375609543,-1.0661456896504116
3.561860844588402,-8.445275737671055
-7.515034332529829,-0.7907519901519846
0.8296557320342849,-1.4049560233436087
0.9547543724365084,-0.6447729111829805
-0.7750984869484924,3.770510000493615
-6.128255515314649,-3.0033509474077316
-0.31986171240534506,5.596634046028062
1.1301881083873375,-8.277775932223282
-4.40822493904077,4.495781921725266
-0.5172922305163787,-1.8198238537303617
-6.269040024311988,-1.5466127343459968
-2.0910132606902367,3.295398270957697
3.9963571394177224,-0.9351367813239968
-4.687444813137441,-6.9341078833520156
-3.3666993462706087,-4.084598750679046
-6.277069206305719,1.0224193552565888
1.340781475718326,-1.0379639395323592
4.438996968825935,-0.7428970951036786
-1.5444437461741851,-3.565706023835774
-0.7296645249158283,6.218009132602987
8.837147152330369,-1.3748514193750596
2.581123270019366,-0.21339302724535142
-0.41759025303866293,-2.5964709900135765
0.9179322992056823,-4.911639478645116
0.039685275121952746,1.8499081310826937
-2.2538815004162034,0.261388489873301
2.6341105518511165,0.8489601051810689
1.5098749140546823,-3.4422768943201545
3.7390990382850373,4.382999372861513
-1.7826897540577407,2.0458397080275343
1.9186401392445325,3.51610649171337
2.320035545643092,-3.683058584013612
4.477541053309436,4.660641482827185
-2.552421375611762,-5.028672782838357
-3.073378937099776,-6.677762426577294
-4.3162134010625435,-2.6535842148409228
-0.7024565016770049,2.384231273374314
-0.06897048607678859,-2.993377484219501
0.806603281567839,0.08129017810126404
4.262084841263823,-1.8169223579157876
2.5657850812735785,-5.269488752967113
-3.6968058699759525,1.3729327732251433
0.2527733473718686,-0.013494645681951519
-1.9306404494691631,-2.117213331959086
-0.5959396726529517,1.7584330842178122
0.2090792676401504,-2.1283163685780493
3.560653550206077,-1.4345383729681978
1.4467572975078344,-0.878421699413962
-1.4708209873109024,2.97044471714897
3.511444689929256,3.5073802781052343
0.761952439331148,-6.583726372247742
1.9913428671532016,-0.6919512470259755
-0.5836258882904295,0.749741683943145
0.3534575792358587,0.8616320407686238
-0.05018250699658465,-0.8831305848926597
3.118266392151682,-2.4608792517804465
0.6052040482463226,-0.4915937129936585
-2.2985252772258917,-3.7719398013011105
-0.8179049692258811,0.6010264466508559
-0.20222445484574134,0.1488268057825989
0.1497266925990261,-1.7114981786940304
-0.09709186038313711,-1.2869508035041284
1.6088260700667687,-0.4114287546253066
-0.15230684917235218,1.3976365876661878
-12.14341133648986,16.723342565237342
26.43931764571011,-6.919915487817237
-18.970237447003196,-1.4476592303968856
-15.832432591085318,-22.004442547401776
-17.64782879099773,4.921277339665622
19.86381260713547,-16.6792800613512
-18.00807889013466,-1.821696174176694
-22.605324809213474,-10.524204132341568
12.991084559594515,0.8678768283771361
17.362166111799546,-17.130571895303174
3.6452345163386184,12.28106098157754
15.828119792287813,-17.133076782343696
16.05163488269351,4.616962113118592
-9.796454492845472,-24.819222221382987
3.7445018089076902,-15.754300465480044
4.334708485663142,23.699098221014907
13.50393628637618,-8.555366257464888
-9.945658211024266,22.7067882890071
19.014206105667146,-12.226557941158854
24.519135337740863,10.000849265798992
-11.293262146887391,-9.960662215887982
-24.95419666865868,7.140597335983849
-15.958078393041074,0.8333695577879828
-19.74482601379356,17.19525537263155
-15.176335971935513,-11.516583295638418
22.514666444130985,11.683913620039357
5.303853807036381,17.914848892700192
21.80324122266253,11.365482219195364
1.3779317025199787,-18.327723185453486
12.159942265681076,-18.55450643405112
-14.756999845931256,-11.276249717729595
-23.04706093193416,2.584635939964725
-15.623588739987426,6.433784530848636
5.336926141646914,-22.59599235539958
-18.18075779994037,9.040872083498638
-9.787078701441969,-26.292228967532623
17.713119910824716,10.015290403797861
-4.070476959981905,24.058047658558138
13.868721963573975,-11.932071623517654
-25.17333906867033,4.883685741685313
-0.9661158962623556,17.161492748534418
14.855864555396739,25.300197532831902
3.2008469999373053,-14.062182002517128
19.49555762075207,-14.969253149935398
19.14875828756791,15.128960225938295
-18.064115070180588,12.561311304792953
12.68284703390478,22.76326152814568
-20.89008970326397,14.63174757723925
-1.1703134115721527,19.756478778400485
26.12457868050944,-2.980678950325195
-0.16304392125531397,-17.886903992819484
-21.184617931896238,-17.214794743576416
-11.327344354823582,-13.388764558459435
-6.877975661843338,28.021540885267616
-3.827548962041773,26.780417350020524
20.77220934698152,7.015021141560129
26.71983954670103,5.382059221182688
-22.10657411088764,4.1020026711249695
-8.894703425016525,-12.72301975315224
6.104371283329437,-24.329542088102265
-20.460192304407588,0.18365917342272037
-15.413272219308631,-20.627723044777984
27.668288215372687,1.3148585426587482
-6.653457368513051,-27.80096295329903
7.743395294723675,14.211108246468587
15.258884411693524,-19.47948408715976
3.407460693116087,-16.479393779051417
0.5143146502855696,-25.599265084860534
-20.620858502007103,-0.3290747172640872
-2.1691843379032982,-29.522220243569986
21.839163943863312,-0.8789393594466849
5.736281068505163,-21.952136067042055
-8.774525920358906,-20.308923692171806
-14.021936808289892,2.5267140012624503
-0.3390008681207275,17.270587477393235
18.92338002659381,-15.569014211870787
1.0753825286446226,15.328132691361235
26.5621336040533,-0.2841786021084467
11.170479423339184,2.9182027354743867
18.287134077459367,18.00446899948404
-14.43538131371452,-14.61335252667255
-24.832930943700198,-12.389537491471586
-15.772286903224824,16.4678764862563
-15.581799455980892,-22.864323601553767
-23.401225739636402,17.24118254116808
-5.414346249903496,-23.27605210140829
4.800565085873924,-19.108658329546028
17.09940224560331,-14.298491843810622
-1.5098396161448588,19.799304838286808
-20.992563700400215,14.401927472500955
22.68707644168027,-15.322296923748123
18.65179594698826,13.110246495993259
7.255778315808333,23.348006999446696
-11.279214250698734,-5.180479447291485
-2.4903877412296076,-16.71621148640965
9.00634643022786,-20.83690588744738
-0.9132581080830188,16.58273094840161
-18.843970969966605,14.83708807492958
19.804862372797295,11.27219926756005
-2.6415250574540905,16.57671952236953
13.490378084648311,-16.270332550949725
13.69996875729714,-6.929076241033717
-13.798212386842463,3.3110637362316404
21.138042896596335,-20.09610214559024
-8.954349216037182,18.168250274325022
-24.725353464630754,-3.741171773323148
20.11015243168636,-11.292527395847062
-15.065777871612058,20.910467001635226
-14.96510084818841,-8.987281684678221
4.704617618744207,-13.046354509699306
-2.6330319289533635,-15.517273792469481
9.426391406424374,26.429399016925707
0.24562608581146597,18.67023464873752
-23.488541552414734,10.914696050527185
-7.166741063078474,-19.633136243441708
-15.149542671046497,-25.279794326614077
-4.606149532136016,13.102980850254418
-4.655276971188727,21.32696409637054
7.902306854639375,-12.078456118326052
-21.390674485246745,6.76612108009547
15.907387994103273,-6.327687167843657
2.8300847057161582,26.75317099825311
17.13023244711119,-7.720886850764721
-25.618655922216938,10.394690582472856
12.914742131748024,-7.117424626463959
-19.328173418574607,-12.426757913309412
17.326629604123248,-1.848467564838832
16.60528018981596,14.552199946687889
4.425830272599294,-16.13793300423999
-20.205104211801757,-7.58026045327431
23.557143195842784,-7.43365328369147
-30.28782750772815,-4.71936010856626
-17.038098803716768,15.152171802138785
1.84702325823617,11.234357562835047
8.59507807154285,-15.818243832311433
26.26550925759546,-8.261939754702004
22.191068513679237,8.000709075158648
-9.147094801751308,7.388075993377058
5.252006956265203,-16.405002568439375
-19.36616300324091,-16.43574919465821
5.736018804713795,20.412689637227455
13.439459876949146,8.444795061181708
-4.904182061735897,16.472263131108775
-26.096040746297472,-0.7082641172232487
-11.484456518187157,-13.269981447926602
-25.84789835780115,-1.0349682662275645
-17.40660333162607,3.7931286333192316
-10.82621388775834,-22.711237931206323
19.05503051725734,9.983993699339399
25.595859974027956,4.0836774017178294
-12.155174335362265,-0.4600334699830284
9.448111833817627,20.911998408136025
6.914450686873656,-20.103454622523873
4.528860263596534,16.749285395943613
18.87724085608996,13.438493804093927
9.543180525932186,8.608007060309275
14.629024102819969,10.067201574815773
-21.399015689279214,7.253193500452651
19.50976270637725,14.512506679695134
-15.503945163021719,-8.533223994063249
-1.5567288123972296,-25.03835571840309
-6.747429928670691,10.651795205313555
10.276831673510175,12.906364509653843
25.872829876788288,-2.8982489204724264
17.418935603885664,13.686557327480202
-22.21856173163188,4.399237634378293
15.72624689260692,-15.18963549181531
-15.314529233619957,-13.220131554229996
-9.891071306246236,17.977104956144597
-4.113591553161797,-28.990214492999133
22.09436396999295,10.60361885033809
-11.089755940288143,-5.880632172285841
-16.61184186843886,19.835978077208452
17.484628547003712,-1.4954956315783279
-21.31302991086638,1.6827806797491003
-16.051935687858688,1.936428023559529
-18.063377157189464,2.762858655789943
18.273727704713238,-20.765332916620203
17.603533676437888,-8.601338633223286
19.467264280686777,7.142133944722805
-7.700433697783684,-25.912763059763236
3.8238625813011557,18.26373770498592
-24.313900601956977,8.450694002373476
-15.768479584979913,2.592829918064457
-15.499390876180573,23.44210568955236
-17.9438084163817,-8.507321365655475
-15.525631288520266,-3.9649426617056096
3.156249543724364,-25.829985666685463
5.944587066050968,11.437450825272803
-11.065294952889802,-19.927378582943188
13.868524842903149,-12.179376541693017
2.939452223413198,-23.343136593471083
24.93380674472075,-10.357916644602383
15.23923756410092,-1.3020217587379213
8.70555341586371,-11.111850750117483
3.7213423761631277,23.79995337243072
-14.780302426350552,4.07677361661581
19.017074740737932,-17.02518860829929
-20.801527358027116,-15.699282210513791
-17.597457381123217,2.404177674305408
2.560115615293755,-11.422648929991437
-10.402540078560914,-18.769115796085632
17.136497261400358,18.660564365782044
6.388505152983795,-12.098403816474296
-9.13585240495054,-21.18884500108371
15.306955384822759,7.561732787267852
-2.4725039316318815,-21.652221997178753
6.564234711539072,-13.56282398036963
-1.416107530325339,24.76653101785385
1.940627615761625,17.011548640268245
21.74833496231928,-3.1568618947097553
20.896898091629875,-6.790962285661113
12.113085592725664,-10.149569059066923
-3.289115418444731,20.813831366835387
-22.083524996244584,10.131181296789778
-8.941293745063788,16.529864160927215
-24.21070645386498,-1.3961874596818156
-17.97917105476335,1.5007946079860854
-13.789249404974154,-19.33243486833569
-15.557532173820482,10.207820019050958
-2.569015154391374,-18.614910903446862
-0.6767272023441865,24.79718120649078
12.39494235200924,-14.286893915225662
-12.501091469082766,-21.311000935132068
26.730004455900826,3.6958216432730304
-10.672128569268168,15.031873002155931
18.439359382133038,3.5913653915206365
-18.122353648843216,-19.707523446203865
3.6571393172966267,-18.1615306329475
-18.43135821629945,13.333221592682706
-3.159661132530176,-15.872781795453633
2.182390765689179,-23.165351278532814
15.910972867350258,21.23051953383756
20.096944678802743,-4.195821779915415
9.234283629976597,-28.03371287944591
-19.587563970199295,4.706485905839616
15.732800288771157,17.108556806771933
20.751999971860013,12.408774921187652
-18.358465174726536,-6.478888418936543
-11.496509118032604,24.61416736300314
20.995030756868893,13.92000472257731
-13.879742102836918,27.198798842682443
-22.842455214965877,13.73365673444278
-18.108173956531846,1.9754440937210218
4.857629724438171,-24.05340616360361
24.38693776514431,-13.749295659022769
-16.13266221843346,-15.819365126935928
0.8194580753555937,-26.33329932749946
16.12919289605523,6.300114528250677
-14.366074600747718,18.517926733909277
11.88877706931059,21.17526780337059
-15.045117055068218,-5.500550378533275
2.675639766632834,21.62235217951987
-5.08097840062109,15.583735198466794
18.896290281060413,-10.547980205089237
-3.99003764036847,-24.759866618525802
19.73641370730869,-17.993000102997392
5.2610888435716765,18.35744430158986
19.79556853067933,-12.432069990793957
-27.58934845376073,7.58914281189676
-7.327710313104687,-16.349796457340958
15.227192197715976,23.08045334124259
27.327571590400442,-3.1340206444383996
-24.199334169530605,-3.4854470269456237
0.3132337370002297,21.265327304843336
-6.599889513937587,-21.85353728603873
-21.729043181156495,6.237803575744703
22.446753448480735,-8.268784913819518
10.553012968349465,12.549954292977635
-19.919485190816633,-11.93929501898835
8.918453847566136,16.411623602729648
-9.544620968937808,23.414033945662617
-1.9048113212985909,-24.883255719017214
-0.5296554938297883,-17.6885276778843
2.3168974890198952,-26.010437141271936
8.875947106279845,14.915768155717455
-5.399669337074751,21.839519401268223
18.139340734117564,-4.216120073912559
19.86900489180419,6.371415747925192
8.08893437415763,-14.164507274928964
12.027965657771942,-13.185051233071897
6.633340349089928,11.76515697565276
3.72219654248228,9.57447773440328
10.20097774733498,-20.406341571887076
1.8890219435877709,-16.099721171185134
5.453744759437004,12.050570864321248
-8.064880857499805,-17.848802977123466
14.446737416364554,2.7321245147434494
-4.295633311851439,-23.13914459739253
-11.078505973677807,5.153382108934041
-20.84851139250393,8.33976408939729
0.46392696035074066,-19.839672464235562
18.296582344004815,-2.8256595711390915
2.1279051116272534,13.021971520466815
13.849622760915652,21.43927573564888
-4.137924640583677,-16.743760511339037
-25.13541188535904,-4.673161349005999
-5.452085850335197,17.867674630339955
-6.169312756503625,23.407886756325528
-2.700674061603274,12.036717645513207
0.13375078822916175,24.89085296275666
7.789464711089006,9.215140387401705
21.434712590454897,12.450276945737654
-16.103245705916127,9.030495765498545
21.973945998966226,-9.743367390323938
0.355452989838564,14.188022712159503
-6.497079491681738,23.482429836195468
-14.159766204967354,14.977016521044185
-18.987439688990502,0.07548524150890429
-1.725675533285914,-9.365899884057184
13.578834593838845,-9.713914871733225
0.3184882585812172,-16.505782760875928
24.05946135090046,4.261630818967559
-6.7447202195068385,14.723365532635055
-17.853295411634047,-7.205920926917687
3.7260000702335745,-12.551912759228301
12.399792299573967,9.583632541841057
2.3940731823145263,10.044440955824768
15.229942054582134,-19.286775475262576
4.087183869833779,13.602991098556878
-25.285792676235033,12.470675118619853
-14.505825847437382,1.9421720044462114
17.034333473816826,-4.7596806935240785
11.08468255159366,5.717016603509437
21.062773115271675,17.912681670583314
2.843079987941895,-18.275672479342013
-1.1555762492297836,28.27922726106629
-8.67834943137133,-14.454052636049086
-21.24347239027264,17.956930912062756
-9.498903415815937,15.288066652519813
-23.837224940039928,-5.982897213036322
-7.420883164325044,-19.529824415270834
-18.860479810018504,-11.325470030748829
-1.9896955124886417,8.641015209886447
-20.214541319229134,17.175726586239264
6.541568120211724,28.8126287941985
29.10486802061551,-7.738006316096236
-6.023733663623571,16.751864033540816
9.838408511175802,20.62372079568364
-11.730851284648093,14.24818602400365
-17.859204466629137,-9.99977175091985
12.487523727327416,9.279095210890398
-7.766222061132806,18.68988834166328
-8.34272883376299,8.919649550401372
-16.075471812071562,14.759955485439162
-10.923514399343444,-7.277872702876411
20.218921262498075,-6.964616599985928
9.867611493606024,4.225451367359525
19.532422868963035,11.550677227697058
-12.491970337236298,14.325153171225379
17.351697228379294,-14.498338143663496
1.5126316832930735,-15.119154056034926
-26.00884913609301,-4.549478165918888
-20.01145888519282,2.9538076759136507
-8.019473719487419,25.32759702993088
-17.885615257770862,7.015867855083831
15.793155458191286,14.143410750139447
-12.634492868618548,7.72467657301526
24.05577725747362,-9.527521857451806
23.682047084333416,-7.724810732097832
9.601010160511468,22.764014766557946
-23.70134775942963,6.730879648933607
-20.440996893081113,-14.300912808445501
20.74473680100114,-5.34140420650761
19.947628857900707,-11.62913209653263
1.4360697802380455,13.655796486942199
-13.921485986746323,23.229826671101783
16.475010719161297,3.5605135215385193
-15.998582224883537,5.738670033645245
6.672571354320241,-9.18140924991127
-13.094734604115342,13.137256810034827
8.206137704109048,-12.605132772891684
-25.083462741968464,-14.163533740076609
2.923353125961594,-16.265456881987856
26.27044478453715,0.8635619249781338
13.626085144354407,6.168123500897633
23.23473941697347,-2.593761459458341
-10.690597326077947,13.23641121118008
-19.901238619169824,7.614943960113357
5.539253031757421,9.355440550774839
-2.6757780099923822,-20.092445445299248
-13.085899409443071,13.92572918395685
6.675233144547031,19.8270985884791
9.588301743333226,-10.271141661645972
16.678911391580282,-6.255420479726791
-15.826918292123784,-1.8278229482720787
24.044682673962868,-4.9415018046961245
14.021835452163552,5.607458501317625
-23.41865132627916,8.99723733663113
-12.660878742566846,-12.804747592235444
19.379830079050617,12.184610852772362
11.8909166913929,6.467121402507422
7.228923361646231,21.274350123221645
-6.540928964191502,-10.4787395154503
7.722563051252787,-21.02669938698756
-8.083279337024276,-11.187092903602883
-16.815403456961224,10.962782822750293
10.34510985114969,-2.6405367057325813
-0.10023221173397984,26.008147593508507
-11.196065706192861,-12.473401939509875
26.41976314526285,-3.4027108136421296
-16.949050968990097,4.72584513883184
13.939966622632513,18.264032080145054
8.492831119821544,-10.614238426842824
21.95728667058042,-13.409249304881339
-16.824720380907205,3.171271379267486
20.746177648524405,-13.738851038784459
-13.661981998709082,-5.034674891992502
24.685904871904878,-12.614306783622226
16.261679650402034,-13.93713749802683
24.056527196701996,0.10080699531076776
-2.3048755338646036,14.261899143811588
15.175154696314804,21.4184212044503
-5.12597831923583,-21.360824868353536
1.0713048317134843,27.001712372203905
-21.774194940939335,0.6438941522273643
-19.43520743546956,-20.64837779612544
14.143714723171849,-8.596936622837557
-9.100008781998906,25.195187500965186
18.08046982556189,-5.415905154284079
-26.197620949102937,-1.4370238335611398
17.46728660372408,2.2964546676820383
3.733847987394395,-24.058237232188617
-6.00462027064256,13.0961575129195
16.941349590974863,7.211027617765916
-9.30331388950401,-11.881946444163354
9.276410292220856,-16.57420186955836
21.065948127836652,3.0120572801088477
3.463347260285971,20.425819021095613
-4.476028266604655,-15.438969121091153
-18.88118845501194,20.61421376357872
-6.58399744082176,17.448834632259548
-9.723560949413088,19.641355127345175
6.495548848602606,12.995440135407046
-16.632346823281843,-17.245562916061896
-12.61654726361403,-9.396886899646612
-22.989360396156012,-13.585171746802729
17.523476047732157,4.7280816703340465
10.946330745421028,-19.954395420406765
-13.26747701087942,-7.915697104817547
-23.336058749179976,2.9075376385112794
-13.049654028390016,4.8971167714203165
-1.2961063058915536,24.691420201497586
15.747225219485378,1.1859524186390333
6.786363318141627,-23.133868776295035
5.2770993480427375,-14.673827816858216
21.162385339638952,4.163263224386041
-9.725307906029332,-5.0004862725810435
9.79646563189544,19.741099449064762
-13.147591809121845,-3.45079369049463
-21.919839254662186,9.299408481239979
15.12516685665435,-7.339233216942133
-6.800538642014554,-19.215335380507717
-16.024853822297874,-9.314177276138667
26.657084954686592,-1.0817805188505742
-7.5935403073458865,12.48077510533823
-1.5162460368006063,-22.3331522859167
9.046346009222642,19.61724636977171
-18.85719989456718,-7.706867386464585
-12.696460456324298,11.81501022381418
18.668330330460332,-20.59416736350331
-19.33674803718694,-18.088913307911433
-10.396756546620376,-26.202394054746854
0.8749541667382732,-17.196839091291178
25.991877300736046,9.044248296208753
13.696721731572657,7.016670446262658
-25.170163218118656,-6.58953851031639
-4.202905226570201,-16.174231303245673
-18.160153727122935,-16.3628284166195
-3.0720652743031285,-13.356556394077037
22.882346358876102,4.963882827553837
5.745386624484679,-20.006794919833556
0.4211852310089615,-24.20114580107789
-3.8123173503970116,-21.24001439437554
13.143743736356088,26.331847820170914
16.15629968446093,-8.638359332155146
29.744748500905636,1.4817281263126945
-6.1717603660163896,-14.983831132659448
1.8406583869551096,-21.693022121709525
10.974366660864487,6.981370642371441
5.199177839231009,24.650084449975562
-1.4113995057673718,-21.161486261907367
2.804448799827224,23.55436423119888
18.328703858422738,5.258335381899059
-16.433432043162913,-15.308287971779425
12.999605068724938,1.1313066397371025
-23.981265627568536,3.4755529000451815
-0.6326762150925707,13.641084627815083
-20.31541780961881,-2.2754138501661307
15.243310988603941,4.210624402849114
20.689063922850043,1.167057645931175
4.095560628555201,10.397583550416948
-15.236999214298706,-13.77150251511326
19.84114204545518,5.345149928960191
7.607463389005339,-15.82475319313428
11.392536011456034,-9.344345121907413
5.988601170592286,-29.19399157842437
-25.39535546328485,4.008603617289175
-25.320139206689653,7.501396294600699
-12.244184423073586,5.647072672310029
11.323372458072571,19.3642649145382
-11.241200617647175,11.655166485428287
-17.431852580791226,12.732216088397191
4.547208288135334,-10.712878764969098
17.41173959249479,-12.15542495178209
4.839462563438573,-9.841242456431134
1.9255517014236052,-15.949284964551355
-6.931708634762669,11.86022533295175
14.658191947119215,12.898142631022667
13.889803502842971,12.875772877627309
-16.191728801368974,6.654803689407565
15.68481626015311,-0.4710201846554704
26.015064002392645,6.222770275784378
17.120551022056784,0.159610040685713
27.613084757331563,10.911524229613859
13.228859543068014,-18.417465842833817
17.37322420360508,16.413104934366782
-11.278787093956817,-17.214478976398205
-22.05052056159882,9.280408400444204
-10.283771720984554,-7.894758111534196
15.385929708001683,22.823111247889372
16.917585821300317,19.645579160741082
-19.54046374246781,12.357795773173594
-7.27196171591414,-7.75179721051134
20.98955615521124,-4.963099239492405
14.489026327867425,8.006691253012384
12.792636535586707,17.98103269463797
9.804822861346715,14.009177306044492
21.3743072123444,-15.36157808675342
12.002821769332556,23.568496480340194
16.058941639635872,18.32968920510666
13.07053643090861,-3.333633213667413
16.545948407396036,14.78546188904177
-6.355391971626256,14.163726921291387
12.465162856473963,-21.341988353818987
3.040688366907388,15.971235940974536
10.38137788691248,22.530189838883043
11.385128228533382,-12.83869833389354
-11.388468451000435,-12.048414078076695
15.145699893722268,16.178631662950192
-2.01667383093293,-17.34206558117823
-19.874601080328876,-10.739419581501025
23.35042185211342,2.26867979173149
2.1111319153539916,-15.597959005842254
26.10080105741078,-8.858836573788363
15.842570168343466,-8.938226368266752
21.32490124038948,7.521162787886284
-10.456265160719447,18.33785786636181
3.9601028372068274,23.7625488612504
-2.4350990220052,19.227052723956426
12.77946398481777,-19.130709350103885
-7.760876167640808,-15.087072516768053
-18.21954362628523,-15.140175386112382
-8.123621055369094,14.832686647710606
3.8191876973530103,-20.549298760375176
-7.334863473698534,-13.943403999642141
-2.720061519093543,-26.009564328710024
19.572144803166942,-0.26150399856499046
-15.395544418019892,12.42484629440622
-13.129114380500047,8.96736853523034
-19.409779879143777,-20.718673693348332
-21.801029903350713,2.7099560680563695
23.201294068254565,-2.0537965366406934
5.802866090141523,-12.388490803700575
-7.449262471200254,20.9980551749529
-0.17662396220889384,12.430700787353564
-14.528054311684608,18.915411987103113
-12.636781305159387,-11.996144992319817
22.4462069678478,5.3339374735259755
15.721544944868883,2.4690774729028337
-9.823232847699936,20.040207525784005
-14.954194157680416,-9.420859733216401
9.876447091166279,-23.588595968724682
-13.77942229021646,11.547746447786507
-20.60130194871284,5.955929107389605
15.126947872536016,-5.005512725823929
18.679945411872513,0.6387085470262319
7.758125879867888,10.383692183684115
-18.260342661916326,19.637397670219887
-1.5056776622980128,17.145341858347205
-2.081462509910273,24.912306144744047
4.754226137846049,12.271365471659356
-16.082004219788505,21.715212165753503
-14.02942252149364,-12.109460882024047
-23.600202152978575,-4.9948287663508735
17.606489894897575,-6.143233465334953
-12.88429174537924,-20.958963403636925
9.855018642501348,9.521023284496179
-25.643814267544844,12.812577380132801
-12.994617655210556,-12.276331471543768
25.899881404780537,5.319675578508099
11.32173320212394,-6.649691373706147
17.73072022712148,13.465477622833824
-14.070640210669664,12.943905583122362
8.092821152525449,20.2882326546849
17.63753456838158,-4.581581284509937
24.856118693428698,2.7783066073306544
15.244580035922409,-1.9343371442824366
-6.531738602029162,25.844114254819136
-8.607651949481204,-22.26322966014233
13.728582408756841,-17.348158592361468
14.24278152753569,-15.641429593349296
1.3319601029722365,-25.16966026448956
-12.757872667338557,9.116216900795443
-25.25003547054668,0.7302195208788667
-8.857402686610364,-17.106799210230683
-13.48805010200699,-23.183273802448152
-16.236234819849585,12.719752638582467
-11.895070261124175,-25.516745831910235
-18.491033712782116,-9.579482244404643
23.39922900109931,-15.047321182368522
17.381419775181705,-2.480591233714176
15.504444276671693,19.621975887395998
-9.940947973124885,-9.421520531138826
7.606882046211325,26.350852604872756
-14.91412072611833,-6.007559910104246
26.53631759240675,-4.73120052586909
-20.368287976480843,-8.932635272233314
15.498367513772973,10.387527934661145
-11.65074455642079,-7.642108263598969
6.149801764235194,-21.49000742033555
13.47279893860256,10.767877687074693
-26.388852385457234,0.058495748881241004
2.763391625355457,-22.52484378214037
-21.755296954271166,-14.835884671771087
10.372684081640989,17.811044609905537
3.6245564859232546,-26.77612467946851
-16.064298909516616,-12.023065508319984
10.788908152714116,-25.562725485503623
-18.970663255067105,9.592020517849717
15.101453577318669,-22.066528858291612
-8.70262866061614,-16.420750112364253
22.53294803802119,-6.785300956098768
16.3325224461586,1.4370111591822607
11.958037998202794,22.11672980610669
15.666206858985303,-9.186530799719625
11.645446960731611,12.696765549238963
7.805511458690393,10.131284646231814
20.660461063556728,-11.836042585206574
-3.4700230441919415,15.37714481834066
-7.165258247922177,23.13010103787705
-7.490580848910683,-12.425207750104267
19.964428260760048,-8.30344086590255
-16.288538025871635,-9.050055321655513
20.3887539180162,-7.8827431917214525
-5.182428018764549,-18.9929108903867
-15.135506435625167,-1.8226738708803618
11.561121159444575,-7.94512128250066
-6.88342209463947,13.107573572403588
-4.984251530667384,-13.194610862560065
2.879681373463084,-20.835173315673583
12.953469959256225,-1.1765413425454614
-27.06808434878183,-3.0827594874285187
-13.635659643930824,-19.706497133466655
4.622443220146836,27.196491527339948
7.916995484056262,-22.978587820577662
-18.502379697004717,-9.083518639757438
-0.7378291843016632,-15.665137492581561
-20.234716221062296,-2.963758170324239
-16.264632942563086,-1.003016903238114
-8.74427068189749,21.473728150866602
-16.491616805196845,-0.8568211487737538
-18.949766176399155,-13.041635172258095
5.7056397269694825,13.16788977747804
-19.09914436063901,11.32899182988249
-0.9720487247928452,15.069834879231442
-7.811465892946483,21.410195250017626
-13.639679350109853,-9.767002220116394
-5.880501936004295,20.51326511394584
-5.330550938973246,10.612922233664715
1.1490696788457124,22.723886412100622
7.442075299070617,-13.410942085156085
-11.257883011661537,19.207783104629577
-15.298215558382154,4.8481144259474105
24.701162986163872,-5.126960592028176
-14.071746140588774,-10.715720865863123
-8.74880170450173,20.615054505473523
-6.5071747733285115,-13.926831035181133
-16.606112670854586,-17.409033165209156
-9.885777028457717,-13.807177457973095
-11.933959993231026,-21.652711596836788
9.910704829085294,15.966453505787385
-20.933108025236482,11.086074773555394
7.056845355427528,11.479732016768866
-17.499794144947884,-7.983915856392783
-7.956726106307469,-9.576421467852121
21.200856459174357,8.620070264460308
-9.673439772617566,-8.082399851219028
19.100854342442855,0.646708786515833
-9.13319051761951,-4.200037580780713
-24.145536660701627,-0.6825315802229136
4.599984545076513,16.026782614221045
-18.648946458475184,15.18612408523845
7.174065951248101,-13.841059212032071
-5.52991376319408,-24.83478301139118
17.4352832308,10.459846456704206
12.890442028012737,19.670420630673338
-13.615937798720259,9.942605026810046
-10.642768518701603,17.27263304411414
-11.709399633253403,-3.0921498987098537
-16.510560422356047,13.563442868787849
-11.953061933094245,-6.761668165666098
-16.274920602557348,-18.801215701438906
15.934103786680557,6.500248825696287
12.60001286181157,20.481330508828375
17.678043250829834,-3.8931121264011144
24.764878612531213,8.264082137258088
-23.697672781996527,-10.070242863758622
-16.995420477035132,17.926332962988877
-14.276240488064518,18.75079081008301
10.891665582226976,19.647611643420138
-1.6413616102124051,-11.170138017827448
14.278709696258112,-17.309889091095574
6.448148643095139,-7.874633435101394
20.160233591489167,-10.225958403252923
-1.313013703861965,-21.301338237424876
-16.88265529274806,-10.623476862585296
-9.551125436023328,15.512913411799211
-21.178034293410175,12.694872725031376
-15.55564096859515,-4.46727872370131
1.5935594512211413,21.39069225587953
-14.930889826424648,-3.8678800729564577
-22.584726436653675,13.097349049431042
15.056977822443827,4.920626571034643
-14.796074961296368,-20.010768411180692
-10.661529963511027,10.898879054638918
-14.760983917318724,10.957330557984676
-8.952307451110032,5.350299478427847
16.770724753378325,8.086101527670637
-8.69721153297851,10.644782161160743
-12.706041638553074,-13.09967460701392
-10.550935049646414,7.915833998718112
2.4191230168246687,17.39918963409503
-6.4828967919161755,9.212015119599014
-19.940972380424874,4.104903737415503
8.291423182489677,12.34095801113395
-15.468551224606113,-19.777734791192703
-3.345883364685882,-14.74551428323849
-4.066788170812137,25.30765112437093
-3.862164506138126,-15.273727898450444
11.354533748130091,20.900672390543168
-14.940768631131023,7.488042735732736
20.718199010583607,9.317687816050304
-10.500005981284033,-3.2753015867433497
-17.71951621224713,-11.197215778783997
15.924758453737489,5.333186400068376
-16.674939249059673,-19.063748330153214
-7.268519000914286,-17.46985788745246
11.662207870188396,-23.164755234063293
-12.410580025785814,-15.800747347578666
-8.228910841226767,24.092343614166463
-5.91904985261979,-14.754015380868776
-13.563993362816106,20.296570113981062
-15.829852979255131,-3.6239458964195523
-0.8454793970360609,22.13200800813752
19.619912477110528,5.7451656230990595
-0.9613702905950163,18.107544413472016
-2.2006823676108103,16.394216725958945
6.282170406937476,-22.940855345466524
-5.857274694970446,15.394755503712695
-2.5611960627962076,21.846876924126267
-3.295305082177579,10.937509554719188
3.002780571998963,24.507973996903477
-11.72789189349386,8.796863994419413
12.044751827460034,-16.733105332327092
-4.471374032568981,-13.128230621585045
-14.155317756831234,15.605722999377964
-4.53065417497153,12.396684240771355
-15.406795354897596,16.198989313255137
9.531748227261316,6.680504395016771
9.477722314185096,-18.672933257372698
-2.490333329181606,10.402553521259456
9.275978785914548,-18.353141109512777
9.759608562178485,4.414569794237124
18.028324473570297,15.782449392109347
9.45561143555639,-11.323746719308433
-24.612528401691662,15.71497632290177
6.569024764611711,20.094203555766633
-0.04741532093236028,-29.972085609461182
-21.852666419613783,-0.7175478500264165
-13.96539316124847,13.226644076438019
-15.624200967112245,10.339816846612612
13.966516800292796,-25.52804075928862
8.724526379114337,-14.140818627989074
-14.029525846629003,25.047025552648012
9.01478982755456,-14.440172959328669
-20.6305795877662,-12.63651727637491
10.637668897734478,-12.747525070903851
2.1016357246411843,-20.998324304487177
15.275274140730895,0.4448791314902235
12.511626281744096,16.177717468244364
12.951237422713003,-0.7680329248493395
18.000458976272974,10.482248919985764
-1.7368523948261634,-14.54791333390091
2.111735564842716,25.212327657257052
10.532777175650313,9.594028322259886
-17.26163929771408,21.14157081011046
-7.393368080617304,15.256552557180541
17.868417480727047,21.32565917352655
13.052716534433065,11.99342079320469
15.567218384397396,20.402514757379894
0.45011836999689303,-15.782695115670002
6.0710957837452355,24.998178423476904
-11.103376088245197,8.991351977938365
-17.229895605622367,0.9449026082184084
-0.9021427871143107,15.450576970425383
-9.223659483727868,-14.925385720847263
-18.23566519532555,1.9654013346758192
-22.412337920465184,-2.1436284888976456
11.572050376955552,-4.703392324532177
5.745380507035541,-20.46225581379323
6.898774955031861,8.726364606029987
10.041342274050924,22.538654770228902
-3.784651429478684,-11.022106516066343
-20.289794209424297,-14.573570677573226
3.048814674364251,11.112925044671764
13.253023461490212,-17.626429709093703
-10.509233448123831,-13.262463585346936
5.68552085250815,21.422699168705954
-15.602098978329629,-12.738764280796886
-25.029197342942428,-7.557830374721935
18.851399678120305,-4.083595974552475
-22.491504893610447,-6.132321148061706
5.6080541437753855,-17.956299734626853
-1.6682589567113022,22.074859300641464
-15.856356075165209,-8.057488233427755
1.0585190133399365,-24.48447686093547
-13.739185606301733,-1.365402480834972
-23.586626264937262,7.366358186082159
-15.705255908363169,6.017956125153905
-18.880172967983356,4.356367127229483
-12.673539071887614,-3.7804238914963197
-0.34094400272635356,21.0497549862318
9.167243480931033,11.126332767929458
-12.140107914782714,15.381459787250275
0.8888540785293421,13.467184685770668
-12.770042111448495,16.838681018628698
-11.445537365779648,5.206468900763798
-18.59193590511038,19.41832028118212
-10.438536148733519,13.410111106108765
24.291052277438645,-9.842616716082118
8.956151143592548,-12.316395278170674
18.001640826833228,-7.217143502919071
12.283187243979633,5.260131261743698
14.734908180957392,-12.451359228458234
13.728503276684787,-2.446478463473852
10.292880692969248,-23.458500238366415
-14.854873765826108,6.645465438592421
-25.392395278270783,5.846165405611138
-2.0779499578840848,-16.416552468571677
18.93809192419441,19.63016207212888
-21.765095709031844,-7.659406887010441
-25.40028659811684,-2.9360299182310037
-8.125831336237844,19.897938694166655
19.06914531082618,18.649335949590018
-2.500209613808586,15.184594604069037
16.14124740463171,-21.379211825027134
-11.937494456304526,13.00944183630529
24.85292888303993,13.03900347489526
-21.359110742610262,-12.08264026240977
-27.000613887968388,-7.993666832333138
-13.083071172449909,-23.469926731513564
2.3150409855679253,28.213231868220156
13.63100398553822,-10.356992354445277
26.172661240836838,7.91184168184867
11.034450647427793,11.749247195735894
-22.59224499904305,-5.446856324930336
-13.093174778856502,-4.68450467819099
-22.495214006919475,-6.385870472896851
-13.799534799461396,4.684028544568116
22.370619913981933,13.61020674190949
3.956004911257281,22.170007174647587
-8.471227657132596,-22.730861867082627
-17.05799678661318,7.913894302270237
24.26613877423536,-6.393377019866563
-12.616536391648813,-15.644921755173694
-24.16402965210419,-12.25846707687345
17.817926787231446,-11.12991482652209
13.725407893787525,-19.93622776498397
12.066516577257039,-8.814295886447884
-14.744128183948312,-18.079136462284538
11.782481559992263,-10.68366496930579
11.59000754956169,20.357413246983878
-13.898482834401394,6.446314266779295
19.621023658306296,-13.623669130113518
0.759909332642727,17.094820812302327
12.91464035462716,-19.975053494730172
-13.172991842895232,-11.576157221448856
-13.356492766915128,-19.47361869995839
18.014482416948425,2.3505700526077598
-28.788333837275125,1.0909744212782742
-9.76671014583345,12.96712326105817
-23.45166195259657,-7.4285303070729665
16.64252390121122,-9.90566970601166
19.4471582188895,6.671045773763745
1.3998162358312287,-16.215471390410425
-1.6223873603534964,18.70499294878973
-13.999451063781066,8.067714317412218
-23.092325187244292,-8.514901117290385
0.5900036651521355,-13.936437030214993
23.553990413881817,9.566290803148915
-18.266129747980333,8.086119538136789
-21.798867217721927,-6.974404585826496
8.307418515042244,15.073745245228846
19.9761955919903,4.728832445676584
-3.0199114734724666,13.65891552237282
5.578189223625218,22.315421842342143
5.934378962280481,-14.357831357882022
22.701129015530512,0.205021428914677
12.664621000963747,-2.0480561231393493
22.7862886582011,-4.356642697106966
-6.849074602285177,10.416979184527344
-5.122825139049735,20.653731075263025
-11.692446824145964,-6.482688715833123
-22.076763572118022,-3.0870498888587385
-12.981244897159476,-1.5168052051871201
17.899167897970525,15.25382767721414
2.1501468755684647,14.253415030295846
-10.623492565071608,22.133411016792657
-11.43251423680113,-9.219275121847925
-14.724322060980425,-14.294401314483569
11.244760819607828,9.597708555249511
-19.125062514895834,8.934432716923649
11.865606959699411,8.87139427139682
0.7652681462190025,-21.088538943416932
4.486406468578423,14.355819077851638
-21.99080254946149,-1.3180397772152401
5.810342360542699,15.068712176130191
-11.026370442309503,-20.358918977638734
-5.435085550565379,9.86698120633239
23.507905855428767,-1.4198205740072605
5.957330858780822,-12.206382785258645
21.395078722957702,17.569963684864426
-25.20805830133462,-9.683908088524557
-9.764469013245971,25.181544264710265
5.854372679814229,26.312955795154163
-26.487102089582997,6.736543291263864
-8.044575063638893,-14.505829091072767
27.327132949907437,1.188178735892221
-10.195431245587127,-14.911600773848258
-5.522067399006937,23.34781925463757
-11.61738404663157,7.355786634473661
-23.282591419289336,-9.104197761581357
13.724707145187566,-6.239060057745946
15.932734307235435,8.559628993857745
3.455073340900513,10.816090431899427
14.955935131994822,10.807503499536637
-7.070875624069702,9.085016975468951
-1.3278794999887862,-25.119821697058168
9.671933402381093,-4.631477579541236
-20.550835806479725,-15.84566102422017
-8.688005993555878,-6.104860553255349
4.9286946338246045,16.29352765907403
11.691659075961924,-6.285538846332498
-6.5736140848571765,16.513653937731092
2.6143898220093678,14.186066742551306
22.90626230395345,-7.592094007811655
20.73019849092096,6.267784639816945
22.331859672819622,-0.8778056812952872
11.265564159741984,15.031035244849962
1.172522204095236,-20.00438353788866
10.883895793697292,1.8435561868561856
-17.13925097971779,9.73351667469357
-6.354258425741263,7.617565304182229
17.681686499828366,-0.8415217085015532
-5.745704906136101,-10.991546699937876
-18.217261822137136,-4.9221227199571285
12.401481754387374,-5.248722689377077
10.467682779124077,-17.479058044526756
0.8905874535263576,-13.917889114390615
20.773385767387524,1.9758401733961675
-13.544587299963839,1.5841748479734674
14.791951914973,-21.401180616837937
-3.546966289052743,-21.750508353154885
24.40967813700728,-1.695694715928517
16.733608659793795,8.34818772328633
15.476228532619906,10.044217588527705
1.011728720513942,-11.765987767437693
-3.375797258269847,-19.850972643148495
15.493014405511824,3.0052498342908223
24.196972535235826,0.4899141616547914
-2.1432448631365366,16.98082459348264
20.91168033246622,-10.74100067851201
-8.911881719425303,11.442477033397902
22.014976923645982,-1.4936459102852941
-3.879087975053325,13.315777149937574
-4.130062564505521,20.34766584822673
13.740139344318724,1.727846274450992
-22.01120106037831,-4.254215675643453
-17.232597748000863,4.450580816800909
-14.627919143110185,16.65088438635847
-5.886048927565931,-19.102537827379557
5.189367240972539,-24.604060868977875
-22.39608680013177,-3.903761020652712
3.5989532657980035,-24.688818041675557
14.937528318737707,-17.237083996216004
23.031802320293835,15.645810079185356
16.94167859410866,6.035952454122679
-4.876618449982118,-27.838449732646364
-3.28571274072406,21.79784632602898
10.582573074199075,-21.193122965379203
-10.239034245472208,-11.259892551317947
14.635935975066573,18.0981941448577
-12.347224882079665,-9.587154201883454
-10.615242725873674,16.983493982583393
9.458608324160119,9.90336321842456
14.271196258085297,17.11727678333466
12.83031175960843,8.262174498005184
4.452962451448666,-19.27944401375835
11.744759122513127,-9.076772225160422
8.910237870554745,13.891701535604746
5.684014443250982,10.239015900660892
-16.28654502253388,-20.13219250817605
-16.749774720640865,12.679136949402135
-10.556827614789926,-22.53493123189249
1.092143142065255,19.230243391381638
16.176724910623214,-19.00653260005868
-11.661420104065666,10.487450092232116
8.202150954955265,-24.455515298589443
11.525432221048328,-14.157764747428871
19.569457175624255,8.968232656217046
-5.936225849555484,-10.113577188261113
-22.226482720900012,-0.1495020379792525
-12.733817270191446,3.544067665143002
-7.951744570806784,17.976583460041255
-10.709391357912807,-9.32122856113846
14.157383483389422,14.111183012257312
2.9323455343361022,16.800993401823053
7.75207153551289,18.542737640458043
-9.712377119979667,-7.954705742199253
-9.790294997354534,-19.054582171100517
-8.361250534960766,-10.816222205960708
16.86662602650336,-19.539853708402603
-16.382724941629576,0.11068979452460495
1.1600565456513787,26.59614033064095
-14.66064293611095,-7.976467082706348
19.993192417894704,9.423402682191607
12.374672862958551,-8.668934624150625
19.90247327739962,16.725501338082008
1.0238000788084698,17.479440279959203
-8.702417031134456,-17.191423914172017
-6.781237105284516,-14.511738245981544
-11.38529149673336,-16.201701168767215
-8.943821800398613,-13.633751302849495
-23.25482845703731,4.877073200856768
-10.64551160809046,-15.389281261871027
17.31647137998511,17.32370873419673
11.33823024126993,-5.207806872294894
24.246053031110282,5.177132662119408
14.203347203543172,3.407970637725886
-12.82834385391392,-18.084441852266085
8.828724882382462,12.245992809292417
21.44919434088648,4.906989061717392
5.034402152758139,15.345256012612905
-26.36610129614267,-3.535015320560676
-11.032815617691243,-18.46604528935987
-26.25983086520232,1.5126948481465845
11.531124324576156,-15.92929103434413
6.51342833431196,-21.247026002732113
-12.586272970788192,-7.110882767229194
20.76259690898669,-3.233768281769721
-1.1380170861405166,14.964114350734791
16.450918171083455,15.803812236708364
5.718960646474838,13.991295769751813
-13.042534725275425,16.651676418032697
6.329652704529226,7.193641447186971
17.258275270078155,-12.906821054096314
-4.70063327280861,-8.830587749665025
7.913175308360088,24.14140363894067
-13.55268656911678,-10.414111523305483
7.102590066922171,22.08293187159631
13.8757990721527,5.098161940815192
14.409711948863801,-14.728586975205609
-3.0117511290240255,13.161306093582807
5.627096309855908,-19.79533176133826
8.230439620197263,12.741275259211365
5.609903574306807,20.31063805508465
13.9899341022321,5.406020555427093
2.633749938377677,-20.247890621257476
8.463820171693873,-13.659614416002894
18.714288315164126,15.590788448408759
3.9155046123394146,15.893334825068928
-15.572261245764956,13.671959237768982
15.321044391236503,-10.738254985527174
14.593493393845911,-14.51597175534124
15.574905252509607,-10.962740333020514
-21.788697691317246,-11.320516793408805
17.011217305972053,-6.800723763246527
-6.354984707694639,-24.76726485274605
7.002804384395712,14.989544698170418
-23.56887261772838,-16.313296230302353
-14.452369709284849,-16.282175734231085
-26.826822005002352,3.6939448767171847
-18.743508419581662,5.670649093159477
-4.995451114718038,23.266033472226702
14.870486261994648,0.3856074572186454
-20.116113130731797,11.731395104446749
-3.3228116952909286,-12.978103670319088
-22.1650003873574,-2.9820692746884587
1.5898548301602842,-12.57613613046985
-3.028801854945457,-23.58657356121312
-13.384627290774409,4.888618742485996
19.364982465906003,13.054006340394885
1.7920427719154153,-12.678857835536444
4.30367188428619,-23.607058992607183
-2.0880074176340937,12.783158551129983
-10.769157607688307,-20.341305331886446
-19.752405506941646,-7.3260111762383655
-0.7058419174425677,22.253995044218765
-17.486255402768762,-5.668622575148754
12.633754756845578,13.25703204607638
-2.2741938510265065,10.118484067700173
10.169605465009141,-15.063113055071106
-10.142320234629123,-1.6290058943366372
2.3492263355896945,19.27546071423499
-5.699834286020057,-13.694579789205514
22.62276006044028,-0.24554426811460905
-3.8787355906165457,-18.013671265738814
-23.136815830920938,1.3342496888410336
-19.767300562630023,-0.7858364750262116
-24.830945755070484,2.6797098913649156
13.651580345625224,-16.201841901013307
22.774010538718265,-3.5916867115090736
11.500063223808224,5.358606277445205
13.45892298578833,19.131013442757833
4.274391725366025,12.0674051564944
22.359055583773156,2.055027324933834
-9.364301046743039,-13.28985437869594
22.422321013016262,1.458989352697721
-14.050459136008442,9.24899824072869
-11.32776229134691,22.049942694276794
17.475156144987942,-5.633680731194119
24.05997093834059,1.6311480817327884
-2.950929363388911,-17.036762037984317
-19.763081416958805,10.099925728359567
-10.779015798274107,2.8684248141247317
-3.3355370278120944,-22.09724601311851
4.35133025233607,9.088361705095922
6.297062648552691,-18.29357608731673
-16.571477613027795,15.960118588600615
-11.890897936398138,13.441090493443197
-10.629011526875008,15.192874351605791
-12.633508027281593,-4.978595362217468
-7.864983061015157,3.67335205818784
-13.165642203751231,2.19498725314546
4.008337953003295,-7.424394985784503
2.2410866354153947,20.576028820505844
3.1059228919445654,13.991992787355509
-18.770022530844884,-2.387674803514032
-3.493146614081241,11.56975546955668
9.145242658588009,-21.426715320358678
11.128680884717152,17.24312596713144
11.576991053230147,-19.29427901489898
16.013148830892852,12.540124735555434
27.972349613842667,2.829252637482974
-5.029432432683465,-17.64512184465683
-1.6276480697982911,27.131448197832604
-5.48583649540127,-16.662768586374447
-21.803144976456434,-8.902830622219286
-2.0471315632310154,-13.366521032840986
-22.926506764523833,7.526186220371367
-6.683705508884236,-12.26659209205824
2.9574357332936403,-20.55837267960126
9.833768287748489,-10.52637196951634
-0.34788881204947053,21.148692253155335
-8.189400962638064,11.903633846193664
13.419344696927567,14.286499991817735
3.2456757242920116,11.635816256254442
13.958188265242141,15.107570455355718
-0.017911982321716452,-12.686237089766374
5.866582968793003,22.63350842146734
13.576282025462632,10.462791812912803
-23.68143001454901,0.9036627295924056
-14.55247481102554,-2.5758296191690264
-10.847492593174133,19.57233336376263
-5.090543938712436,18.811795577292486
-11.420662905558046,18.37156197484887
-5.224894938688787,18.6387467979871
2.0121932296176332,22.425988499122564
-6.5484738099169055,-16.00995610144643
12.510081833605645,19.933532997318583
-17.629875958222925,-6.22965688840454
-17.04911221808317,12.19171790920335
9.561547376561395,-6.447630877740825
-8.453142566988078,19.912005945199418
-11.48552739203305,4.676500407994807
10.744763264936454,-23.528454789389034
-4.242122876945291,17.3538633612367
-7.886488005645015,-26.46034187302961
-17.901818455958995,-4.890488782547371
9.873623627307166,-16.23240973767369
-12.214522399007263,-0.8312014196411237
-17.426722333795762,-2.9561357436261204
13.066190163981764,0.6109288523313627
-10.29999106157577,20.93702421414137
-8.41467268404396,14.134990881987301
22.09206854045972,9.680028597653934
5.139595092769441,-16.418516349041887
-0.024775158416843836,-21.212848405003804
-2.9386321832725333,-14.364130363910089
-12.361984138849904,-15.174156265607602
-12.194902583359582,0.9475725158795584
-23.47194890738518,2.016834015289598
-5.195315357925744,11.324635343791526
-13.622205808699503,19.354355073933956
-10.357173972755843,5.679304032125816
19.164319928069837,-2.414078397566277
-6.638775106075732,-19.360554555669605
12.041836257410505,15.012339281650297
-12.324020441611866,16.890408109599285
-25.67690485590991,-8.877025980550137
3.4924395759344358,21.32732638367064
-9.533953131599885,26.652905714731045
5.9942605142232335,17.3796916488975
-20.619189329023165,16.049730265019527
-16.29276483473268,-2.63162016510813
-0.0022860879887974046,-27.04897938122067
11.331713859698699,-11.887773955747404
-20.218575914619407,-18.198230736557978
11.63643153630464,-4.272239354162432
9.748252289742592,25.45484961172439
0.805299346632275,15.273739972693093
-19.239098059513566,8.332587807124666
4.6768973575166735,-14.511247718653392
22.480468393510268,3.6072950444700163
16.56800345282958,-7.100076609599436
-0.10125770352932491,-21.66250273923751
8.087212076692538,-18.702678695602387
11.813827866334803,-19.113021629633558
-20.951288849894702,-3.8366007473708166
-19.744843162348243,14.231710914741086
-18.586648865640335,5.956360515766512
20.52647168352711,16.291695785671067
18.350897970484695,0.6881515011961955
-24.694929378777417,1.0675286071945136
9.439685223913965,-3.239687900519401
21.339745728233776,-12.554865267914455
-9.267654309360903,-2.2091513282392374
-15.363258275402321,-7.352552580198599
3.594176719363105,-10.66723679389484
11.804356382153784,-13.633839132178693
8.979567649905231,7.740546874504592
-8.533466720959051,-23.321030307823328
14.323447902489177,-6.090896841732809
-16.06557130792248,18.45713644835927
-8.87584590237254,11.30005058746706
12.63916655726242,-22.786630649187487
9.919992942681885,-21.22341664470749
11.173444210946661,-19.486460639847962
10.127969754476512,15.998239283328951
19.739430245567494,-0.4153150856742636
-9.602821147701109,6.264181105017606
8.152270287757847,17.186502502004352
-1.1860479662944712,10.450650129212848
21.03381112359944,-16.447407143021625
17.743881977044015,-3.5353095361173446
14.57010724711565,-22.87089563121358
16.377901536710755,-10.649888690943373
7.546425905440533,-23.024199429829086
11.817174907321371,-11.28029022341209
-2.8173752734825817,-23.475640670038082
6.425653772563962,-17.744123546215132
19.890909789611595,-7.55158704840092
2.703910849351234,-12.050503911476044
9.939054463754154,-19.165702079617393
12.51570039011752,1.4387291198647019
-21.795195046407816,5.248291926679694
1.0352661990425303,19.122727723508216
-0.9898748521297895,-23.4877542088551
7.881727773558123,17.38989623024232
5.338386770077426,-20.206074882095542
-4.870712583546914,6.623269857354153
22.974235154390822,3.336344775881585
-3.124228254053328,-10.332160849969975
-20.815981416500755,2.6427129239178946
-15.877525161109284,12.432346782484888
21.365498352010817,-9.935700440772825
-15.255280138578817,-16.32354207254327
-20.411985058733322,-10.768834212920076
9.32618799122678,5.050665467126244
-3.9316671923874615,22.794465106049
9.35251766207696,6.29342370604362
15.949044098582307,-14.66060354378675
-15.403082633909342,7.797209522045609
-16.366623912802634,-13.002456295549234
-3.6800843586999004,17.03180199735455
-3.2422395675251194,25.812931895295097
-16.93434386054784,17.63832889415964
-4.284822066413063,24.845517858446435
-16.89960921632007,17.366848179544014
-9.794916888653923,-16.594904712077785
-15.281536220983803,3.5566655623065073
8.18221871752664,-16.443592025365724
10.544987537357482,-13.541750519098096
7.697224870848738,20.497350866613715
14.167279134150158,-8.077738904288532
-5.244202301633616,-22.88393585553606
19.17261358272638,1.4995230065998413
-19.39788753071344,8.691431706083229
5.518507040814724,-10.883438700764428
-17.246381677114385,9.328488009529606
10.518582020719483,0.08260748342739138
18.21844058736222,5.556781608589012
9.366078863717748,-4.909965513624496
-9.501410968583311,-17.506185089791973
10.265280533670847,2.8496849975696037
23.40822311536822,-5.154725735299829
-14.56095056035644,18.563093672769725
20.791926295446025,10.820738741520689
-12.17238925065802,19.408862374465212
-20.246841150264068,7.3250630211585515
-19.84035605408768,-5.252117619321665
18.071609657182446,-13.59815898255094
11.429385701981875,-16.841342357024747
-22.983032059421074,-1.9597653928550751
-12.305144590639802,-10.419060751424684
22.75350578582942,7.797137659836876
7.708236748447814,15.427966385549972
-19.692026510715532,-13.444418064397825
14.700359223132487,0.11003156622948486
23.687867457796134,6.341845906019667
11.109906294842709,-4.343097692530103
-12.356100091410543,22.29867364866012
7.337824927359139,-16.131362332826864
23.583543629948405,11.531525802165564
14.911094623736789,-4.709762002649435
-25.476286043102615,-7.7924923595672135
-15.42961869999554,-0.06947560867851679
-24.758222793171964,10.482550339744055
-9.527897625459582,-10.150673226847184
4.757699881515032,-26.25023331378515
-14.10070919514386,0.5663998422173752
-25.436129844138918,2.226821177654544
11.12601769127717,-2.855415631126589
18.23596656011365,-15.543900031056145
12.202516080677844,13.926196465897364
23.961581224111598,5.659827641355982
16.463968254507996,10.250083661070427
16.376525143063834,11.785520644684823
-9.462552008108226,9.024707377005797
-14.252456615540119,8.367007674687711
-1.3018357154520863,12.081039255404173
-17.51593440624796,-2.387013125589558
7.139310996448284,-5.891416660493614
12.076283194915348,-12.189908962065859
-3.594639957576101,-8.365131888370817
23.241716658907215,-10.417166343872724
-20.41494789412902,1.425895067309454
3.7877123401387176,27.78054917793082
-13.04940000979431,19.52513079604672
12.157577567845628,13.468997449366594
3.938176692645108,-12.700408184403587
13.679913549159975,13.329978358212259
-13.823072555594779,-0.5676484801103235
-24.114313773500832,4.242531976264755
-1.3452155007318758,-16.378337689163512
11.96785610019702,-22.119273577256838
-12.787670641726734,-8.920793462507255
19.290531464173338,-9.474240672489993
11.708000344801807,-3.6023044866390426
4.372762334087108,21.024310609719134
13.309545477180551,3.226406826342043
9.067220700182336,-15.638518489415466
-14.667882217663847,-1.3622770419274584
1.2639358743306675,-17.306145699514975
8.9858147471752,9.886877916974074
-18.227303231905143,11.269217622354471
-9.962166827412682,-10.76133776983804
-15.401586472778696,-15.527484894295796
-13.193411570114865,-6.694138258192891
7.384980327990202,24.366903570439163
14.970225640635931,-2.1973656953591814
21.981223722414992,15.775005712699413
12.3912436158555,-10.938225988694843
-22.902001042476236,11.705930034699426
17.83212933920271,3.019199899312848
8.707444870107688,-24.479181841378672
-18.964734154075053,-4.618780606551354
-19.706992359260045,3.8130610294180305
11.82303622887695,-2.334992962614032
20.59210291725,3.5762774300771563
-13.47705901595058,-2.1740234242178076
3.7120877849489946,-21.67785998745191
-12.402610098756604,9.96709267083733
7.495307750989088,-20.089341080581566
-10.029783705213221,9.767188878165038
14.968290475007523,-15.11421376430688
-10.963420190150444,0.2758984250059032
16.328934420995562,-15.210905980768343
8.16137011174703,-9.30736750788013
-11.001945845549264,-15.11559277324891
14.872883140122708,-5.771183139106226
21.20501763809646,-3.760075819141436
18.829584860834938,1.9501021387165969
-21.65724928986896,-6.341850378298757
-5.038415157809194,-16.877780849889316
-6.070343881684479,-21.83165303783499
-3.8340812999286853,14.946480635342816
18.243199268396154,-2.727538253182688
-7.647875108126643,-6.466552247055897
8.009609057583255,-18.215887226195314
8.94469207375647,5.0590699965557
-17.17287160917821,-11.479261149233915
-1.761856912916546,12.950554875359163
-6.181894290478539,20.744897059807403
-14.543077184387618,4.543521314193885
-9.695719488275063,11.700364407922942
9.399186066202029,2.591658550231341
7.104375503623842,16.36651628045441
10.481602154808366,3.9567881058416123
-15.543822181217465,-7.015021898476801
-6.772192590651517,8.259383010981763
-4.879645441726098,-20.130800482928034
12.442413095631917,-4.274563433814007
23.713496967193624,10.39499090191517
8.926678487412532,6.688404790622103
9.863420110451374,-25.056386218693472
11.469093843138937,7.814791993373035
17.978776319761092,-8.36515332719184
-16.287972532514388,1.530018628428295
-1.9325939943698878,20.412927052723457
14.78033817692812,-3.5307563552886134
-17.554138676546273,-6.813865316737881
-0.4231867573834417,-14.630869872380417
-14.025083765294468,-17.423662702327647
-11.240975333203247,-3.3973387796178476
-11.988338201440568,-20.045312514785465
-13.526102036337734,6.841591834072764
21.058742823838788,-7.106199341223317
-1.889912792795218,-10.769748205580923
-15.982550280141341,-14.751366572022008
9.30738363406793,-10.692096309226256
-21.09550979366168,5.974183717379293
13.511083005992669,-12.034749552251899
9.04880265797827,16.300145263620113
1.8395290383423544,15.388376577669192
-13.314468786288538,-19.868349468854902
13.386946768629528,-5.373515716526439
11.901481801274947,14.458046379388362
-13.06246993885607,11.344839194406452
13.362477901814987,14.506516441751566
-10.121768017812009,13.924365023148491
-8.091091617443785,-21.60048400323703
10.701447023551603,-9.807438261056435
-7.683820640327164,-21.722917040833128
3.6808735087153908,17.914227028420544
-20.251782051204927,-9.89360474399926
13.292510544375514,10.085832863604049
-19.041257708691454,-16.649224778105605
10.291176034043826,-13.10273378056892
-5.364103075184021,18.626616213920613
4.395089740032938,-15.477349802926428
-1.9318012924644519,-21.187887662399877
1.5465561881001755,12.268915909870767
0.997861738111328,21.911672434157893
13.250227655157811,-2.0490601120633416
13.838492248896943,18.51334513602781
11.690928272994999,11.195717804460418
12.126360304602008,16.93366953945848
-7.4819965109978135,13.060024366651383
-3.4418238995026913,-25.144634065440112
-1.0948340566819974,-15.435669838713729
22.171631398058665,-10.884752988935709
-18.729115361373992,-1.9020723228954814
-11.206715897770934,21.92651782068827
16.70407926382959,12.332781141959694
18.254343284856745,-17.93039752289247
-12.705142074493747,7.911834650323649
8.843704155867755,23.489261883956544
7.276493701178496,-14.781868958088591
8.07316224054259,21.419033370150757
11.354262518245285,12.798356982173924
-10.947051489347178,-11.530758344215696
9.682242459259369,-2.033495757559332
-4.122721477522518,16.52583946448196
-4.863768198429639,9.994849810515309
8.223031715044332,16.945892660325708
12.48134487000198,3.037984906783096
20.589090188020627,0.6244341384306245
-3.6740368676650594,13.375206239148207
-0.8627999081271924,22.79848721276987
-2.2848340322128795,-18.205899745141757
-5.077907070848444,25.80193880126006
-20.122848417337174,-4.6067709605814535
-15.801331666195374,15.596940135935071
-6.8280207675400435,16.58660011213502
19.688727828348277,-1.0082781862660755
2.3696466509732628,17.78323266763476
-7.038433927640556,-21.226170394004075
15.169579795776595,8.40599921349586
-7.173069265792157,-23.107795940790744
-18.58222491179194,0.34138728910522254
-17.590436638834728,-13.49800609952074
-3.1135851610138823,-11.664207555958512
26.9267439425385,-12.340715841563556
16.877023489904683,-18.378121812301508
16.91577358178498,-17.74885881096089
-7.704825273527257,-8.782109507949475
20.769091370705414,-5.748728415003047
15.098553933257113,9.218641840681755
-8.163632059861532,-19.454195909053098
5.647530458550852,18.038720760880764
-14.799579052324816,-6.640496200502289
-15.713517117218032,-0.7639196198045
17.069060794878432,-1.3827667387682303
-4.729055089427589,-16.91322249069651
1.3369821231887142,23.3528202162468
9.775565204176628,-6.596065701828932
5.25838216821582,-16.042533582056706
-16.256428631787138,-5.541228756787673
-1.857272337534981,-19.419734540827122
6.359512449926918,17.464254629743845
-12.49123703329238,21.476211753754438
-10.432402473214108,12.07503391697221
20.62978447152832,-1.9121305276425118
-13.450915647881967,-2.982013673546895
-16.637954647102173,-2.9058850306966595
0.33032295538371004,11.413895340239485
-0.571539185128513,-19.022374979450916
6.4092841147825235,9.851138081162627
-16.84544479015594,-12.764853211550173
7.1740400449837285,6.752275925969653
-17.656801747213308,15.512143415601711
11.718864541649014,0.6371602398142904
17.64251361849717,-12.545286786264018
-0.3646704317597163,-11.421220586664171
18.322948957248325,-12.542232435893617
-4.605628590587288,-9.32958083881204
-17.053183340184077,-3.9236829946722263
11.854983851241592,-0.9978107429235014
6.312935406570709,17.096607464752356
10.633836488898732,-6.973316452607442
-18.75916311123563,10.272351108225353
-11.188088261589574,7.318519704296541
19.97804356101309,2.1300777427391595
1.6200130529747683,-9.987611892988308
-3.013518674850553,22.601447456673785
0.5280955346063203,11.010304815455228
22.456641516476775,-3.1632229134371492
18.25506996427786,3.976850663231621
22.27776367675788,-4.584680070330284
13.918061884293122,15.959286505583389
0.2040944451005024,-20.92917968561083
3.1051484690708047,-18.4825221665716
-18.73921762721148,-14.10376673800812
17.778282810075755,-9.795703060480625
-1.2717476034304735,-23.733965500287074
-1.6357506608012886,-13.702618726106808
-20.297600184125574,13.453033180044468
-5.317328029431325,-12.509966818209824
-8.013592674190196,21.778801208456382
2.796089977394802,8.761527237322069
-10.103194962203782,15.779900797169208
-8.400046777687582,-12.65379317628923
-10.882746269532223,-17.093536306139747
-14.305282728956591,0.918170916201343
6.357594571298944,-15.20133850857527
-7.218827615896119,17.816065204847057
10.140663094949451,13.080663317512638
18.5110400195494,7.790403914268627
-18.4160216479061,-3.9859007039852954
-12.322044796760402,-6.025096325857245
23.833035675977396,9.379106925499409
11.883634117061822,-2.6571700665173155
3.2132062285148675,17.984838883787987
8.940418439013454,-1.1933115674633126
17.195423920657575,6.5795670780394095
7.500421477633134,6.13092194169334
13.872857796712609,-10.503219614533384
1.5647544713401622,11.271253549041036
-22.66945194817162,-11.253717486191007
-3.527629734281516,19.138334624711575
